Week,Date,Away,Away Score,Home,Home Score,Time,TV,team_away,team_home,game,slate,team_away_logo,team_home_logo
1,"Sunday, September 13",Seattle Seahawks,38,Atlanta Falcons,25,1:00 PM,FOX,SEA,ATL,SEA @ ATL,Early,https://upload.wikimedia.org/wikipedia/en/thumb/8/8e/Seattle_Seahawks_logo.svg/100px-Seattle_Seahawks_logo.svg.png,https://upload.wikimedia.org/wikipedia/en/thumb/c/c5/Atlanta_Falcons_logo.svg/192px-Atlanta_Falcons_logo.svg.png
1,"Sunday, September 13",Cleveland Browns,6,Baltimore Ravens,38,1:00 PM,CBS,CLE,BAL,CLE @ BAL,Early,https://upload.wikimedia.org/wikipedia/en/thumb/d/d9/Cleveland_Browns_logo.svg/100px-Cleveland_Browns_logo.svg.png,https://upload.wikimedia.org/wikipedia/en/thumb/1/16/Baltimore_Ravens_logo.svg/193px-Baltimore_Ravens_logo.svg.png
1,"Sunday, September 13",New York Jets,17,Buffalo Bills,27,1:00 PM,CBS,NYJ,BUF,NYJ @ BUF,Early,https://upload.wikimedia.org/wikipedia/en/thumb/6/6b/New_York_Jets_logo.svg/100px-New_York_Jets_logo.svg.png,https://upload.wikimedia.org/wikipedia/en/thumb/7/77/Buffalo_Bills_logo.svg/189px-Buffalo_Bills_logo.svg.png
1,"Sunday, September 13",Las Vegas Raiders,34,Carolina Panthers,30,1:00 PM,CBS,LV,CAR,LV @ CAR,Early,https://upload.wikimedia.org/wikipedia/en/thumb/4/48/Las_Vegas_Raiders_logo.svg/100px-Las_Vegas_Raiders_logo.svg.png,https://upload.wikimedia.org/wikipedia/en/thumb/1/1c/Carolina_Panthers_logo.svg/100px-Carolina_Panthers_logo.svg.png
1,"Sunday, September 13",Chicago Bears,27,Detroit Lions,23,1:00 PM,FOX,CHI,DET,CHI @ DET,Early,https://upload.wikimedia.org/wikipedia/commons/thumb/5/5c/Chicago_Bears_logo.svg/100px-Chicago_Bears_logo.svg.png,https://upload.wikimedia.org/wikipedia/en/thumb/7/71/Detroit_Lions_logo.svg/100px-Detroit_Lions_logo.svg.png
1,"Sunday, September 13",Indianapolis Colts,20,Jacksonville Jaguars,27,1:00 PM,CBS,IND,JAX,IND @ JAX,Early,https://upload.wikimedia.org/wikipedia/commons/thumb/0/00/Indianapolis_Colts_logo.svg/100px-Indianapolis_Colts_logo.svg.png,https://upload.wikimedia.org/wikipedia/en/thumb/7/74/Jacksonville_Jaguars_logo.svg/100px-Jacksonville_Jaguars_logo.svg.png
1,"Sunday, September 13",Green Bay Packers,43,Minnesota Vikings,34,1:00 PM,FOX,GB,MIN,GB @ MIN,Early,https://upload.wikimedia.org/wikipedia/commons/thumb/5/50/Green_Bay_Packers_logo.svg/100px-Green_Bay_Packers_logo.svg.png,https://upload.wikimedia.org/wikipedia/en/thumb/4/48/Minnesota_Vikings_logo.svg/98px-Minnesota_Vikings_logo.svg.png
1,"Sunday, September 13",Miami Dolphins,11,New England Patriots,21,1:00 PM,CBS,MIA,NE,MIA @ NE,Early,https://upload.wikimedia.org/wikipedia/en/thumb/3/37/Miami_Dolphins_logo.svg/100px-Miami_Dolphins_logo.svg.png,https://upload.wikimedia.org/wikipedia/en/thumb/b/b9/New_England_Patriots_logo.svg/100px-New_England_Patriots_logo.svg.png
1,"Sunday, September 13",Philadelphia Eagles,17,Washington Football Team,27,1:00 PM,FOX,PHI,WAS,PHI @ WAS,Early,https://upload.wikimedia.org/wikipedia/en/thumb/8/8e/Philadelphia_Eagles_logo.svg/100px-Philadelphia_Eagles_logo.svg.png,https://upload.wikimedia.org/wikipedia/commons/thumb/7/72/Washington_football_team_wlogo.svg/100px-Washington_football_team_wlogo.svg.png
1,"Sunday, September 13",Los Angeles Chargers,16,Cincinnati Bengals,13,4:05 PM,CBS,LAC,CIN,LAC @ CIN,Afternoon,https://upload.wikimedia.org/wikipedia/en/thumb/7/72/NFL_Chargers_logo.svg/100px-NFL_Chargers_logo.svg.png,https://upload.wikimedia.org/wikipedia/commons/thumb/8/81/Cincinnati_Bengals_logo.svg/100px-Cincinnati_Bengals_logo.svg.png
1,"Sunday, September 13",Tampa Bay Buccaneers,23,New Orleans Saints,34,4:25 PM,FOX,TB,NO,TB @ NO,Afternoon,https://upload.wikimedia.org/wikipedia/en/thumb/a/a2/Tampa_Bay_Buccaneers_logo.svg/100px-Tampa_Bay_Buccaneers_logo.svg.png,https://upload.wikimedia.org/wikipedia/commons/thumb/5/50/New_Orleans_Saints_logo.svg/98px-New_Orleans_Saints_logo.svg.png
1,"Sunday, September 13",Arizona Cardinals,24,San Francisco 49ers,20,4:25 PM,FOX,ARI,SF,ARI @ SF,Afternoon,https://upload.wikimedia.org/wikipedia/en/thumb/7/72/Arizona_Cardinals_logo.svg/179px-Arizona_Cardinals_logo.svg.png,https://upload.wikimedia.org/wikipedia/commons/thumb/3/3a/San_Francisco_49ers_logo.svg/100px-San_Francisco_49ers_logo.svg.png
1,"Monday, September 14",Pittsburgh Steelers,26,New York Giants,16,7:15 PM,ESPN,PIT,NYG,PIT @ NYG,Night,https://upload.wikimedia.org/wikipedia/commons/thumb/d/de/Pittsburgh_Steelers_logo.svg/100px-Pittsburgh_Steelers_logo.svg.png,https://upload.wikimedia.org/wikipedia/commons/thumb/6/60/New_York_Giants_logo.svg/100px-New_York_Giants_logo.svg.png
1,"Thursday, September 10",Houston Texans,20,Kansas City Chiefs,34,8:20 PM,NBC,HOU,KC,HOU @ KC,Night,https://upload.wikimedia.org/wikipedia/en/thumb/2/28/Houston_Texans_logo.svg/100px-Houston_Texans_logo.svg.png,https://upload.wikimedia.org/wikipedia/en/thumb/e/e1/Kansas_City_Chiefs_logo.svg/100px-Kansas_City_Chiefs_logo.svg.png
1,"Sunday, September 13",Dallas Cowboys,17,Los Angeles Rams,20,8:20 PM,NBC,DAL,LA,DAL @ LA,Night,https://upload.wikimedia.org/wikipedia/commons/thumb/1/15/Dallas_Cowboys.svg/100px-Dallas_Cowboys.svg.png,https://upload.wikimedia.org/wikipedia/en/thumb/8/8a/Los_Angeles_Rams_logo.svg/100px-Los_Angeles_Rams_logo.svg.png
1,"Monday, September 14",Tennessee Titans,16,Denver Broncos,14,10:10 PM,ESPN,TEN,DEN,TEN @ DEN,Night,https://raw.githubusercontent.com/guga31bb/nflfastR-data/master/titans.png,https://upload.wikimedia.org/wikipedia/en/thumb/4/44/Denver_Broncos_logo.svg/100px-Denver_Broncos_logo.svg.png
2,"Sunday, September 20",New York Giants,13,Chicago Bears,17,1:00 PM,CBS,NYG,CHI,NYG @ CHI,Early,https://upload.wikimedia.org/wikipedia/commons/thumb/6/60/New_York_Giants_logo.svg/100px-New_York_Giants_logo.svg.png,https://upload.wikimedia.org/wikipedia/commons/thumb/5/5c/Chicago_Bears_logo.svg/100px-Chicago_Bears_logo.svg.png
2,"Sunday, September 20",Atlanta Falcons,39,Dallas Cowboys,40,1:00 PM,FOX,ATL,DAL,ATL @ DAL,Early,https://upload.wikimedia.org/wikipedia/en/thumb/c/c5/Atlanta_Falcons_logo.svg/192px-Atlanta_Falcons_logo.svg.png,https://upload.wikimedia.org/wikipedia/commons/thumb/1/15/Dallas_Cowboys.svg/100px-Dallas_Cowboys.svg.png
2,"Sunday, September 20",Detroit Lions,21,Green Bay Packers,42,1:00 PM,FOX,DET,GB,DET @ GB,Early,https://upload.wikimedia.org/wikipedia/en/thumb/7/71/Detroit_Lions_logo.svg/100px-Detroit_Lions_logo.svg.png,https://upload.wikimedia.org/wikipedia/commons/thumb/5/50/Green_Bay_Packers_logo.svg/100px-Green_Bay_Packers_logo.svg.png
2,"Sunday, September 20",Minnesota Vikings,11,Indianapolis Colts,28,1:00 PM,FOX,MIN,IND,MIN @ IND,Early,https://upload.wikimedia.org/wikipedia/en/thumb/4/48/Minnesota_Vikings_logo.svg/98px-Minnesota_Vikings_logo.svg.png,https://upload.wikimedia.org/wikipedia/commons/thumb/0/00/Indianapolis_Colts_logo.svg/100px-Indianapolis_Colts_logo.svg.png
2,"Sunday, September 20",Buffalo Bills,31,Miami Dolphins,28,1:00 PM,CBS,BUF,MIA,BUF @ MIA,Early,https://upload.wikimedia.org/wikipedia/en/thumb/7/77/Buffalo_Bills_logo.svg/189px-Buffalo_Bills_logo.svg.png,https://upload.wikimedia.org/wikipedia/en/thumb/3/37/Miami_Dolphins_logo.svg/100px-Miami_Dolphins_logo.svg.png
2,"Sunday, September 20",San Francisco 49ers,31,New York Jets,13,1:00 PM,FOX,SF,NYJ,SF @ NYJ,Early,https://upload.wikimedia.org/wikipedia/commons/thumb/3/3a/San_Francisco_49ers_logo.svg/100px-San_Francisco_49ers_logo.svg.png,https://upload.wikimedia.org/wikipedia/en/thumb/6/6b/New_York_Jets_logo.svg/100px-New_York_Jets_logo.svg.png
2,"Sunday, September 20",Los Angeles Rams,37,Philadelphia Eagles,19,1:00 PM,FOX,LA,PHI,LA @ PHI,Early,https://upload.wikimedia.org/wikipedia/en/thumb/8/8a/Los_Angeles_Rams_logo.svg/100px-Los_Angeles_Rams_logo.svg.png,https://upload.wikimedia.org/wikipedia/en/thumb/8/8e/Philadelphia_Eagles_logo.svg/100px-Philadelphia_Eagles_logo.svg.png
2,"Sunday, September 20",Denver Broncos,21,Pittsburgh Steelers,26,1:00 PM,CBS,DEN,PIT,DEN @ PIT,Early,https://upload.wikimedia.org/wikipedia/en/thumb/4/44/Denver_Broncos_logo.svg/100px-Denver_Broncos_logo.svg.png,https://upload.wikimedia.org/wikipedia/commons/thumb/d/de/Pittsburgh_Steelers_logo.svg/100px-Pittsburgh_Steelers_logo.svg.png
2,"Sunday, September 20",Carolina Panthers,17,Tampa Bay Buccaneers,31,1:00 PM,FOX,CAR,TB,CAR @ TB,Early,https://upload.wikimedia.org/wikipedia/en/thumb/1/1c/Carolina_Panthers_logo.svg/100px-Carolina_Panthers_logo.svg.png,https://upload.wikimedia.org/wikipedia/en/thumb/a/a2/Tampa_Bay_Buccaneers_logo.svg/100px-Tampa_Bay_Buccaneers_logo.svg.png
2,"Sunday, September 20",Jacksonville Jaguars,30,Tennessee Titans,33,1:00 PM,CBS,JAX,TEN,JAX @ TEN,Early,https://upload.wikimedia.org/wikipedia/en/thumb/7/74/Jacksonville_Jaguars_logo.svg/100px-Jacksonville_Jaguars_logo.svg.png,https://raw.githubusercontent.com/guga31bb/nflfastR-data/master/titans.png
2,"Sunday, September 20",Washington Football Team,15,Arizona Cardinals,30,4:05 PM,FOX,WAS,ARI,WAS @ ARI,Afternoon,https://upload.wikimedia.org/wikipedia/commons/thumb/7/72/Washington_football_team_wlogo.svg/100px-Washington_football_team_wlogo.svg.png,https://upload.wikimedia.org/wikipedia/en/thumb/7/72/Arizona_Cardinals_logo.svg/179px-Arizona_Cardinals_logo.svg.png
2,"Sunday, September 20",Baltimore Ravens,33,Houston Texans,16,4:25 PM,CBS,BAL,HOU,BAL @ HOU,Afternoon,https://upload.wikimedia.org/wikipedia/en/thumb/1/16/Baltimore_Ravens_logo.svg/193px-Baltimore_Ravens_logo.svg.png,https://upload.wikimedia.org/wikipedia/en/thumb/2/28/Houston_Texans_logo.svg/100px-Houston_Texans_logo.svg.png
2,"Sunday, September 20",Kansas City Chiefs,23,Los Angeles Chargers,20,4:25 PM,CBS,KC,LAC,KC @ LAC,Afternoon,https://upload.wikimedia.org/wikipedia/en/thumb/e/e1/Kansas_City_Chiefs_logo.svg/100px-Kansas_City_Chiefs_logo.svg.png,https://upload.wikimedia.org/wikipedia/en/thumb/7/72/NFL_Chargers_logo.svg/100px-NFL_Chargers_logo.svg.png
2,"Monday, September 21",New Orleans Saints,24,Las Vegas Raiders,34,8:15 PM,ESPN,NO,LV,NO @ LV,Night,https://upload.wikimedia.org/wikipedia/commons/thumb/5/50/New_Orleans_Saints_logo.svg/98px-New_Orleans_Saints_logo.svg.png,https://upload.wikimedia.org/wikipedia/en/thumb/4/48/Las_Vegas_Raiders_logo.svg/100px-Las_Vegas_Raiders_logo.svg.png
2,"Thursday, September 17",Cincinnati Bengals,30,Cleveland Browns,35,8:20 PM,NFLN,CIN,CLE,CIN @ CLE,Night,https://upload.wikimedia.org/wikipedia/commons/thumb/8/81/Cincinnati_Bengals_logo.svg/100px-Cincinnati_Bengals_logo.svg.png,https://upload.wikimedia.org/wikipedia/en/thumb/d/d9/Cleveland_Browns_logo.svg/100px-Cleveland_Browns_logo.svg.png
2,"Sunday, September 20",New England Patriots,30,Seattle Seahawks,35,8:20 PM,NBC,NE,SEA,NE @ SEA,Night,https://upload.wikimedia.org/wikipedia/en/thumb/b/b9/New_England_Patriots_logo.svg/100px-New_England_Patriots_logo.svg.png,https://upload.wikimedia.org/wikipedia/en/thumb/8/8e/Seattle_Seahawks_logo.svg/100px-Seattle_Seahawks_logo.svg.png
3,"Sunday, September 27",Chicago Bears,30,Atlanta Falcons,26,1:00 PM,FOX,CHI,ATL,CHI @ ATL,Early,https://upload.wikimedia.org/wikipedia/commons/thumb/5/5c/Chicago_Bears_logo.svg/100px-Chicago_Bears_logo.svg.png,https://upload.wikimedia.org/wikipedia/en/thumb/c/c5/Atlanta_Falcons_logo.svg/192px-Atlanta_Falcons_logo.svg.png
3,"Sunday, September 27",Los Angeles Rams,32,Buffalo Bills,35,1:00 PM,FOX,LA,BUF,LA @ BUF,Early,https://upload.wikimedia.org/wikipedia/en/thumb/8/8a/Los_Angeles_Rams_logo.svg/100px-Los_Angeles_Rams_logo.svg.png,https://upload.wikimedia.org/wikipedia/en/thumb/7/77/Buffalo_Bills_logo.svg/189px-Buffalo_Bills_logo.svg.png
3,"Sunday, September 27",Washington Football Team,34,Cleveland Browns,20,1:00 PM,FOX,WAS,CLE,WAS @ CLE,Early,https://upload.wikimedia.org/wikipedia/commons/thumb/7/72/Washington_football_team_wlogo.svg/100px-Washington_football_team_wlogo.svg.png,https://upload.wikimedia.org/wikipedia/en/thumb/d/d9/Cleveland_Browns_logo.svg/100px-Cleveland_Browns_logo.svg.png
3,"Sunday, September 27",Tennessee Titans,31,Minnesota Vikings,30,1:00 PM,CBS,TEN,MIN,TEN @ MIN,Early,https://raw.githubusercontent.com/guga31bb/nflfastR-data/master/titans.png,https://upload.wikimedia.org/wikipedia/en/thumb/4/48/Minnesota_Vikings_logo.svg/98px-Minnesota_Vikings_logo.svg.png
3,"Sunday, September 27",Las Vegas Raiders,20,New England Patriots,36,1:00 PM,CBS,LV,NE,LV @ NE,Early,https://upload.wikimedia.org/wikipedia/en/thumb/4/48/Las_Vegas_Raiders_logo.svg/100px-Las_Vegas_Raiders_logo.svg.png,https://upload.wikimedia.org/wikipedia/en/thumb/b/b9/New_England_Patriots_logo.svg/100px-New_England_Patriots_logo.svg.png
3,"Sunday, September 27",San Francisco 49ers,36,New York Giants,9,1:00 PM,FOX,SF,NYG,SF @ NYG,Early,https://upload.wikimedia.org/wikipedia/commons/thumb/3/3a/San_Francisco_49ers_logo.svg/100px-San_Francisco_49ers_logo.svg.png,https://upload.wikimedia.org/wikipedia/commons/thumb/6/60/New_York_Giants_logo.svg/100px-New_York_Giants_logo.svg.png
3,"Sunday, September 27",Cincinnati Bengals,23,Philadelphia Eagles,23,1:00 PM,CBS,CIN,PHI,CIN @ PHI,Early,https://upload.wikimedia.org/wikipedia/commons/thumb/8/81/Cincinnati_Bengals_logo.svg/100px-Cincinnati_Bengals_logo.svg.png,https://upload.wikimedia.org/wikipedia/en/thumb/8/8e/Philadelphia_Eagles_logo.svg/100px-Philadelphia_Eagles_logo.svg.png
3,"Sunday, September 27",Houston Texans,21,Pittsburgh Steelers,28,1:00 PM,CBS,HOU,PIT,HOU @ PIT,Early,https://upload.wikimedia.org/wikipedia/en/thumb/2/28/Houston_Texans_logo.svg/100px-Houston_Texans_logo.svg.png,https://upload.wikimedia.org/wikipedia/commons/thumb/d/de/Pittsburgh_Steelers_logo.svg/100px-Pittsburgh_Steelers_logo.svg.png
3,"Sunday, September 27",New York Jets,7,Indianapolis Colts,36,4:05 PM,CBS,NYJ,IND,NYJ @ IND,Afternoon,https://upload.wikimedia.org/wikipedia/en/thumb/6/6b/New_York_Jets_logo.svg/100px-New_York_Jets_logo.svg.png,https://upload.wikimedia.org/wikipedia/commons/thumb/0/00/Indianapolis_Colts_logo.svg/100px-Indianapolis_Colts_logo.svg.png
3,"Sunday, September 27",Carolina Panthers,21,Los Angeles Chargers,16,4:05 PM,CBS,CAR,LAC,CAR @ LAC,Afternoon,https://upload.wikimedia.org/wikipedia/en/thumb/1/1c/Carolina_Panthers_logo.svg/100px-Carolina_Panthers_logo.svg.png,https://upload.wikimedia.org/wikipedia/en/thumb/7/72/NFL_Chargers_logo.svg/100px-NFL_Chargers_logo.svg.png
3,"Sunday, September 27",Detroit Lions,26,Arizona Cardinals,23,4:25 PM,FOX,DET,ARI,DET @ ARI,Afternoon,https://upload.wikimedia.org/wikipedia/en/thumb/7/71/Detroit_Lions_logo.svg/100px-Detroit_Lions_logo.svg.png,https://upload.wikimedia.org/wikipedia/en/thumb/7/72/Arizona_Cardinals_logo.svg/179px-Arizona_Cardinals_logo.svg.png
3,"Sunday, September 27",Tampa Bay Buccaneers,28,Denver Broncos,10,4:25 PM,FOX,TB,DEN,TB @ DEN,Afternoon,https://upload.wikimedia.org/wikipedia/en/thumb/a/a2/Tampa_Bay_Buccaneers_logo.svg/100px-Tampa_Bay_Buccaneers_logo.svg.png,https://upload.wikimedia.org/wikipedia/en/thumb/4/44/Denver_Broncos_logo.svg/100px-Denver_Broncos_logo.svg.png
3,"Sunday, September 27",Dallas Cowboys,31,Seattle Seahawks,38,4:25 PM,FOX,DAL,SEA,DAL @ SEA,Afternoon,https://upload.wikimedia.org/wikipedia/commons/thumb/1/15/Dallas_Cowboys.svg/100px-Dallas_Cowboys.svg.png,https://upload.wikimedia.org/wikipedia/en/thumb/8/8e/Seattle_Seahawks_logo.svg/100px-Seattle_Seahawks_logo.svg.png
3,"Monday, September 28",Kansas City Chiefs,34,Baltimore Ravens,20,8:15 PM,ESPN,KC,BAL,KC @ BAL,Night,https://upload.wikimedia.org/wikipedia/en/thumb/e/e1/Kansas_City_Chiefs_logo.svg/100px-Kansas_City_Chiefs_logo.svg.png,https://upload.wikimedia.org/wikipedia/en/thumb/1/16/Baltimore_Ravens_logo.svg/193px-Baltimore_Ravens_logo.svg.png
3,"Thursday, September 24",Miami Dolphins,31,Jacksonville Jaguars,13,8:20 PM,NFLN,MIA,JAX,MIA @ JAX,Night,https://upload.wikimedia.org/wikipedia/en/thumb/3/37/Miami_Dolphins_logo.svg/100px-Miami_Dolphins_logo.svg.png,https://upload.wikimedia.org/wikipedia/en/thumb/7/74/Jacksonville_Jaguars_logo.svg/100px-Jacksonville_Jaguars_logo.svg.png
3,"Sunday, September 27",Green Bay Packers,37,New Orleans Saints,30,8:20 PM,NBC,GB,NO,GB @ NO,Night,https://upload.wikimedia.org/wikipedia/commons/thumb/5/50/Green_Bay_Packers_logo.svg/100px-Green_Bay_Packers_logo.svg.png,https://upload.wikimedia.org/wikipedia/commons/thumb/5/50/New_Orleans_Saints_logo.svg/98px-New_Orleans_Saints_logo.svg.png
4,"Sunday, October 4",Arizona Cardinals,21,Carolina Panthers,31,1:00 PM,FOX,ARI,CAR,ARI @ CAR,Early,https://upload.wikimedia.org/wikipedia/en/thumb/7/72/Arizona_Cardinals_logo.svg/179px-Arizona_Cardinals_logo.svg.png,https://upload.wikimedia.org/wikipedia/en/thumb/1/1c/Carolina_Panthers_logo.svg/100px-Carolina_Panthers_logo.svg.png
4,"Sunday, October 4",Jacksonville Jaguars,25,Cincinnati Bengals,33,1:00 PM,CBS,JAX,CIN,JAX @ CIN,Early,https://upload.wikimedia.org/wikipedia/en/thumb/7/74/Jacksonville_Jaguars_logo.svg/100px-Jacksonville_Jaguars_logo.svg.png,https://upload.wikimedia.org/wikipedia/commons/thumb/8/81/Cincinnati_Bengals_logo.svg/100px-Cincinnati_Bengals_logo.svg.png
4,"Sunday, October 4",Cleveland Browns,49,Dallas Cowboys,38,1:00 PM,FOX,CLE,DAL,CLE @ DAL,Early,https://upload.wikimedia.org/wikipedia/en/thumb/d/d9/Cleveland_Browns_logo.svg/100px-Cleveland_Browns_logo.svg.png,https://upload.wikimedia.org/wikipedia/commons/thumb/1/15/Dallas_Cowboys.svg/100px-Dallas_Cowboys.svg.png
4,"Sunday, October 4",New Orleans Saints,35,Detroit Lions,29,1:00 PM,FOX,NO,DET,NO @ DET,Early,https://upload.wikimedia.org/wikipedia/commons/thumb/5/50/New_Orleans_Saints_logo.svg/98px-New_Orleans_Saints_logo.svg.png,https://upload.wikimedia.org/wikipedia/en/thumb/7/71/Detroit_Lions_logo.svg/100px-Detroit_Lions_logo.svg.png
4,"Sunday, October 4",Minnesota Vikings,31,Houston Texans,23,1:00 PM,FOX,MIN,HOU,MIN @ HOU,Early,https://upload.wikimedia.org/wikipedia/en/thumb/4/48/Minnesota_Vikings_logo.svg/98px-Minnesota_Vikings_logo.svg.png,https://upload.wikimedia.org/wikipedia/en/thumb/2/28/Houston_Texans_logo.svg/100px-Houston_Texans_logo.svg.png
4,"Sunday, October 4",Seattle Seahawks,31,Miami Dolphins,23,1:00 PM,FOX,SEA,MIA,SEA @ MIA,Early,https://upload.wikimedia.org/wikipedia/en/thumb/8/8e/Seattle_Seahawks_logo.svg/100px-Seattle_Seahawks_logo.svg.png,https://upload.wikimedia.org/wikipedia/en/thumb/3/37/Miami_Dolphins_logo.svg/100px-Miami_Dolphins_logo.svg.png
4,"Sunday, October 4",Los Angeles Chargers,31,Tampa Bay Buccaneers,38,1:00 PM,CBS,LAC,TB,LAC @ TB,Early,https://upload.wikimedia.org/wikipedia/en/thumb/7/72/NFL_Chargers_logo.svg/100px-NFL_Chargers_logo.svg.png,https://upload.wikimedia.org/wikipedia/en/thumb/a/a2/Tampa_Bay_Buccaneers_logo.svg/100px-Tampa_Bay_Buccaneers_logo.svg.png
4,"Sunday, October 4",Baltimore Ravens,31,Washington Football Team,17,1:00 PM,CBS,BAL,WAS,BAL @ WAS,Early,https://upload.wikimedia.org/wikipedia/en/thumb/1/16/Baltimore_Ravens_logo.svg/193px-Baltimore_Ravens_logo.svg.png,https://upload.wikimedia.org/wikipedia/commons/thumb/7/72/Washington_football_team_wlogo.svg/100px-Washington_football_team_wlogo.svg.png
4,"Sunday, October 4",New York Giants,9,Los Angeles Rams,17,4:05 PM,FOX,NYG,LA,NYG @ LA,Afternoon,https://upload.wikimedia.org/wikipedia/commons/thumb/6/60/New_York_Giants_logo.svg/100px-New_York_Giants_logo.svg.png,https://upload.wikimedia.org/wikipedia/en/thumb/8/8a/Los_Angeles_Rams_logo.svg/100px-Los_Angeles_Rams_logo.svg.png
4,"Sunday, October 4",Indianapolis Colts,19,Chicago Bears,11,4:25 PM,CBS,IND,CHI,IND @ CHI,Afternoon,https://upload.wikimedia.org/wikipedia/commons/thumb/0/00/Indianapolis_Colts_logo.svg/100px-Indianapolis_Colts_logo.svg.png,https://upload.wikimedia.org/wikipedia/commons/thumb/5/5c/Chicago_Bears_logo.svg/100px-Chicago_Bears_logo.svg.png
4,"Sunday, October 4",Buffalo Bills,30,Las Vegas Raiders,23,4:25 PM,CBS,BUF,LV,BUF @ LV,Afternoon,https://upload.wikimedia.org/wikipedia/en/thumb/7/77/Buffalo_Bills_logo.svg/189px-Buffalo_Bills_logo.svg.png,https://upload.wikimedia.org/wikipedia/en/thumb/4/48/Las_Vegas_Raiders_logo.svg/100px-Las_Vegas_Raiders_logo.svg.png
4,"Monday, October 5",New England Patriots,10,Kansas City Chiefs,26,7:05 PM,CBS,NE,KC,NE @ KC,Night,https://upload.wikimedia.org/wikipedia/en/thumb/b/b9/New_England_Patriots_logo.svg/100px-New_England_Patriots_logo.svg.png,https://upload.wikimedia.org/wikipedia/en/thumb/e/e1/Kansas_City_Chiefs_logo.svg/100px-Kansas_City_Chiefs_logo.svg.png
4,"Thursday, October 1",Denver Broncos,37,New York Jets,28,8:20 PM,NFLN,DEN,NYJ,DEN @ NYJ,Night,https://upload.wikimedia.org/wikipedia/en/thumb/4/44/Denver_Broncos_logo.svg/100px-Denver_Broncos_logo.svg.png,https://upload.wikimedia.org/wikipedia/en/thumb/6/6b/New_York_Jets_logo.svg/100px-New_York_Jets_logo.svg.png
4,"Sunday, October 4",Philadelphia Eagles,25,San Francisco 49ers,20,8:20 PM,NBC,PHI,SF,PHI @ SF,Night,https://upload.wikimedia.org/wikipedia/en/thumb/8/8e/Philadelphia_Eagles_logo.svg/100px-Philadelphia_Eagles_logo.svg.png,https://upload.wikimedia.org/wikipedia/commons/thumb/3/3a/San_Francisco_49ers_logo.svg/100px-San_Francisco_49ers_logo.svg.png
4,"Monday, October 5",Atlanta Falcons,16,Green Bay Packers,30,8:50 PM,ESPN,ATL,GB,ATL @ GB,Night,https://upload.wikimedia.org/wikipedia/en/thumb/c/c5/Atlanta_Falcons_logo.svg/192px-Atlanta_Falcons_logo.svg.png,https://upload.wikimedia.org/wikipedia/commons/thumb/5/50/Green_Bay_Packers_logo.svg/100px-Green_Bay_Packers_logo.svg.png
4,"Sunday, October 4",Bye,,Pittsburgh Steelers,,,,BYE,PIT,BYE @ PIT,NA,#N/A,https://upload.wikimedia.org/wikipedia/commons/thumb/d/de/Pittsburgh_Steelers_logo.svg/100px-Pittsburgh_Steelers_logo.svg.png
4,"Sunday, October 4",Bye,,Tennessee Titans,,,,BYE,TEN,BYE @ TEN,NA,#N/A,https://raw.githubusercontent.com/guga31bb/nflfastR-data/master/titans.png
5,"Sunday, October 11",Carolina Panthers,23,Atlanta Falcons,16,1:00 PM,FOX,CAR,ATL,CAR @ ATL,Early,https://upload.wikimedia.org/wikipedia/en/thumb/1/1c/Carolina_Panthers_logo.svg/100px-Carolina_Panthers_logo.svg.png,https://upload.wikimedia.org/wikipedia/en/thumb/c/c5/Atlanta_Falcons_logo.svg/192px-Atlanta_Falcons_logo.svg.png
5,"Sunday, October 11",Cincinnati Bengals,3,Baltimore Ravens,27,1:00 PM,CBS,CIN,BAL,CIN @ BAL,Early,https://upload.wikimedia.org/wikipedia/commons/thumb/8/81/Cincinnati_Bengals_logo.svg/100px-Cincinnati_Bengals_logo.svg.png,https://upload.wikimedia.org/wikipedia/en/thumb/1/16/Baltimore_Ravens_logo.svg/193px-Baltimore_Ravens_logo.svg.png
5,"Sunday, October 11",Jacksonville Jaguars,14,Houston Texans,30,1:00 PM,CBS,JAX,HOU,JAX @ HOU,Early,https://upload.wikimedia.org/wikipedia/en/thumb/7/74/Jacksonville_Jaguars_logo.svg/100px-Jacksonville_Jaguars_logo.svg.png,https://upload.wikimedia.org/wikipedia/en/thumb/2/28/Houston_Texans_logo.svg/100px-Houston_Texans_logo.svg.png
5,"Sunday, October 11",Las Vegas Raiders,40,Kansas City Chiefs,24,1:00 PM,CBS,LV,KC,LV @ KC,Early,https://upload.wikimedia.org/wikipedia/en/thumb/4/48/Las_Vegas_Raiders_logo.svg/100px-Las_Vegas_Raiders_logo.svg.png,https://upload.wikimedia.org/wikipedia/en/thumb/e/e1/Kansas_City_Chiefs_logo.svg/100px-Kansas_City_Chiefs_logo.svg.png
5,"Sunday, October 11",Arizona Cardinals,30,New York Jets,10,1:00 PM,FOX,ARI,NYJ,ARI @ NYJ,Early,https://upload.wikimedia.org/wikipedia/en/thumb/7/72/Arizona_Cardinals_logo.svg/179px-Arizona_Cardinals_logo.svg.png,https://upload.wikimedia.org/wikipedia/en/thumb/6/6b/New_York_Jets_logo.svg/100px-New_York_Jets_logo.svg.png
5,"Sunday, October 11",Philadelphia Eagles,38,Pittsburgh Steelers,29,1:00 PM,FOX,PHI,PIT,PHI @ PIT,Early,https://upload.wikimedia.org/wikipedia/en/thumb/8/8e/Philadelphia_Eagles_logo.svg/100px-Philadelphia_Eagles_logo.svg.png,https://upload.wikimedia.org/wikipedia/commons/thumb/d/de/Pittsburgh_Steelers_logo.svg/100px-Pittsburgh_Steelers_logo.svg.png
5,"Sunday, October 11",Los Angeles Rams,30,Washington Football Team,10,1:00 PM,FOX,LA,WAS,LA @ WAS,Early,https://upload.wikimedia.org/wikipedia/en/thumb/8/8a/Los_Angeles_Rams_logo.svg/100px-Los_Angeles_Rams_logo.svg.png,https://upload.wikimedia.org/wikipedia/commons/thumb/7/72/Washington_football_team_wlogo.svg/100px-Washington_football_team_wlogo.svg.png
5,"Sunday, October 11",Miami Dolphins,43,San Francisco 49ers,17,4:05 PM,FOX,MIA,SF,MIA @ SF,Afternoon,https://upload.wikimedia.org/wikipedia/en/thumb/3/37/Miami_Dolphins_logo.svg/100px-Miami_Dolphins_logo.svg.png,https://upload.wikimedia.org/wikipedia/commons/thumb/3/3a/San_Francisco_49ers_logo.svg/100px-San_Francisco_49ers_logo.svg.png
5,"Sunday, October 11",Indianapolis Colts,23,Cleveland Browns,32,4:25 PM,CBS,IND,CLE,IND @ CLE,Afternoon,https://upload.wikimedia.org/wikipedia/commons/thumb/0/00/Indianapolis_Colts_logo.svg/100px-Indianapolis_Colts_logo.svg.png,https://upload.wikimedia.org/wikipedia/en/thumb/d/d9/Cleveland_Browns_logo.svg/100px-Cleveland_Browns_logo.svg.png
5,"Sunday, October 11",New York Giants,34,Dallas Cowboys,37,4:25 PM,CBS,NYG,DAL,NYG @ DAL,Afternoon,https://upload.wikimedia.org/wikipedia/commons/thumb/6/60/New_York_Giants_logo.svg/100px-New_York_Giants_logo.svg.png,https://upload.wikimedia.org/wikipedia/commons/thumb/1/15/Dallas_Cowboys.svg/100px-Dallas_Cowboys.svg.png
5,"Tuesday, October 13",Buffalo Bills,16,Tennessee Titans,42,7:00 PM,CBS,BUF,TEN,BUF @ TEN,Night,https://upload.wikimedia.org/wikipedia/en/thumb/7/77/Buffalo_Bills_logo.svg/189px-Buffalo_Bills_logo.svg.png,https://raw.githubusercontent.com/guga31bb/nflfastR-data/master/titans.png
5,"Monday, October 12",Los Angeles Chargers,27,New Orleans Saints,30,8:15 PM,ESPN,LAC,NO,LAC @ NO,Night,https://upload.wikimedia.org/wikipedia/en/thumb/7/72/NFL_Chargers_logo.svg/100px-NFL_Chargers_logo.svg.png,https://upload.wikimedia.org/wikipedia/commons/thumb/5/50/New_Orleans_Saints_logo.svg/98px-New_Orleans_Saints_logo.svg.png
5,"Thursday, October 8",Tampa Bay Buccaneers,19,Chicago Bears,20,8:20 PM,FOX/NFLN/Amazon,TB,CHI,TB @ CHI,Night,https://upload.wikimedia.org/wikipedia/en/thumb/a/a2/Tampa_Bay_Buccaneers_logo.svg/100px-Tampa_Bay_Buccaneers_logo.svg.png,https://upload.wikimedia.org/wikipedia/commons/thumb/5/5c/Chicago_Bears_logo.svg/100px-Chicago_Bears_logo.svg.png
5,"Sunday, October 11",Minnesota Vikings,26,Seattle Seahawks,27,8:20 PM,NBC,MIN,SEA,MIN @ SEA,Night,https://upload.wikimedia.org/wikipedia/en/thumb/4/48/Minnesota_Vikings_logo.svg/98px-Minnesota_Vikings_logo.svg.png,https://upload.wikimedia.org/wikipedia/en/thumb/8/8e/Seattle_Seahawks_logo.svg/100px-Seattle_Seahawks_logo.svg.png
5,"Sunday, October 11",Bye,,Detroit Lions,,,,BYE,DET,BYE @ DET,NA,#N/A,https://upload.wikimedia.org/wikipedia/en/thumb/7/71/Detroit_Lions_logo.svg/100px-Detroit_Lions_logo.svg.png
5,"Sunday, October 11",Bye,,Green Bay Packers,,,,BYE,GB,BYE @ GB,NA,#N/A,https://upload.wikimedia.org/wikipedia/commons/thumb/5/50/Green_Bay_Packers_logo.svg/100px-Green_Bay_Packers_logo.svg.png
5,"Sunday, October 11",Bye,,New England Patriots,,,,BYE,NE,BYE @ NE,NA,#N/A,https://upload.wikimedia.org/wikipedia/en/thumb/b/b9/New_England_Patriots_logo.svg/100px-New_England_Patriots_logo.svg.png
5,"Sunday, October 11",Bye,,Denver Broncos,,,,BYE,DEN,BYE @ DEN,NA,#N/A,https://upload.wikimedia.org/wikipedia/en/thumb/4/44/Denver_Broncos_logo.svg/100px-Denver_Broncos_logo.svg.png
6,"Sunday, October 18",Denver Broncos,18,New England Patriots,12,1:00 PM,CBS,DEN,NE,DEN @ NE,Early,https://upload.wikimedia.org/wikipedia/en/thumb/4/44/Denver_Broncos_logo.svg/100px-Denver_Broncos_logo.svg.png,https://upload.wikimedia.org/wikipedia/en/thumb/b/b9/New_England_Patriots_logo.svg/100px-New_England_Patriots_logo.svg.png
6,"Sunday, October 18",Chicago Bears,23,Carolina Panthers,16,1:00 PM,FOX,CHI,CAR,CHI @ CAR,Early,https://upload.wikimedia.org/wikipedia/commons/thumb/5/5c/Chicago_Bears_logo.svg/100px-Chicago_Bears_logo.svg.png,https://upload.wikimedia.org/wikipedia/en/thumb/1/1c/Carolina_Panthers_logo.svg/100px-Carolina_Panthers_logo.svg.png
6,"Sunday, October 18",Cincinnati Bengals,27,Indianapolis Colts,31,1:00 PM,FOX,CIN,IND,CIN @ IND,Early,https://upload.wikimedia.org/wikipedia/commons/thumb/8/81/Cincinnati_Bengals_logo.svg/100px-Cincinnati_Bengals_logo.svg.png,https://upload.wikimedia.org/wikipedia/commons/thumb/0/00/Indianapolis_Colts_logo.svg/100px-Indianapolis_Colts_logo.svg.png
6,"Sunday, October 18",Detroit Lions,34,Jacksonville Jaguars,16,1:00 PM,FOX,DET,JAX,DET @ JAX,Early,https://upload.wikimedia.org/wikipedia/en/thumb/7/71/Detroit_Lions_logo.svg/100px-Detroit_Lions_logo.svg.png,https://upload.wikimedia.org/wikipedia/en/thumb/7/74/Jacksonville_Jaguars_logo.svg/100px-Jacksonville_Jaguars_logo.svg.png
6,"Sunday, October 18",Atlanta Falcons,40,Minnesota Vikings,23,1:00 PM,FOX,ATL,MIN,ATL @ MIN,Early,https://upload.wikimedia.org/wikipedia/en/thumb/c/c5/Atlanta_Falcons_logo.svg/192px-Atlanta_Falcons_logo.svg.png,https://upload.wikimedia.org/wikipedia/en/thumb/4/48/Minnesota_Vikings_logo.svg/98px-Minnesota_Vikings_logo.svg.png
6,"Sunday, October 18",Washington Football Team,20,New York Giants,19,1:00 PM,FOX,WAS,NYG,WAS @ NYG,Early,https://upload.wikimedia.org/wikipedia/commons/thumb/7/72/Washington_football_team_wlogo.svg/100px-Washington_football_team_wlogo.svg.png,https://upload.wikimedia.org/wikipedia/commons/thumb/6/60/New_York_Giants_logo.svg/100px-New_York_Giants_logo.svg.png
6,"Sunday, October 18",Baltimore Ravens,30,Philadelphia Eagles,28,1:00 PM,CBS,BAL,PHI,BAL @ PHI,Early,https://upload.wikimedia.org/wikipedia/en/thumb/1/16/Baltimore_Ravens_logo.svg/193px-Baltimore_Ravens_logo.svg.png,https://upload.wikimedia.org/wikipedia/en/thumb/8/8e/Philadelphia_Eagles_logo.svg/100px-Philadelphia_Eagles_logo.svg.png
6,"Sunday, October 18",Cleveland Browns,7,Pittsburgh Steelers,38,1:00 PM,CBS,CLE,PIT,CLE @ PIT,Early,https://upload.wikimedia.org/wikipedia/en/thumb/d/d9/Cleveland_Browns_logo.svg/100px-Cleveland_Browns_logo.svg.png,https://upload.wikimedia.org/wikipedia/commons/thumb/d/de/Pittsburgh_Steelers_logo.svg/100px-Pittsburgh_Steelers_logo.svg.png
6,"Sunday, October 18",Houston Texans,36,Tennessee Titans,42,1:00 PM,CBS,HOU,TEN,HOU @ TEN,Early,https://upload.wikimedia.org/wikipedia/en/thumb/2/28/Houston_Texans_logo.svg/100px-Houston_Texans_logo.svg.png,https://raw.githubusercontent.com/guga31bb/nflfastR-data/master/titans.png
6,"Sunday, October 18",New York Jets,0,Miami Dolphins,24,4:05 PM,CBS,NYJ,MIA,NYJ @ MIA,Afternoon,https://upload.wikimedia.org/wikipedia/en/thumb/6/6b/New_York_Jets_logo.svg/100px-New_York_Jets_logo.svg.png,https://upload.wikimedia.org/wikipedia/en/thumb/3/37/Miami_Dolphins_logo.svg/100px-Miami_Dolphins_logo.svg.png
6,"Sunday, October 18",Green Bay Packers,10,Tampa Bay Buccaneers,38,4:25 PM,FOX,GB,TB,GB @ TB,Afternoon,https://upload.wikimedia.org/wikipedia/commons/thumb/5/50/Green_Bay_Packers_logo.svg/100px-Green_Bay_Packers_logo.svg.png,https://upload.wikimedia.org/wikipedia/en/thumb/a/a2/Tampa_Bay_Buccaneers_logo.svg/100px-Tampa_Bay_Buccaneers_logo.svg.png
6,"Monday, October 19",Kansas City Chiefs,26,Buffalo Bills,17,5:05 PM,FOX/NFLN/Amazon,KC,BUF,KC @ BUF,Afternoon,https://upload.wikimedia.org/wikipedia/en/thumb/e/e1/Kansas_City_Chiefs_logo.svg/100px-Kansas_City_Chiefs_logo.svg.png,https://upload.wikimedia.org/wikipedia/en/thumb/7/77/Buffalo_Bills_logo.svg/189px-Buffalo_Bills_logo.svg.png
6,"Monday, October 19",Arizona Cardinals,38,Dallas Cowboys,10,8:15 PM,ESPN,ARI,DAL,ARI @ DAL,Night,https://upload.wikimedia.org/wikipedia/en/thumb/7/72/Arizona_Cardinals_logo.svg/179px-Arizona_Cardinals_logo.svg.png,https://upload.wikimedia.org/wikipedia/commons/thumb/1/15/Dallas_Cowboys.svg/100px-Dallas_Cowboys.svg.png
6,"Sunday, October 18",Los Angeles Rams,16,San Francisco 49ers,24,8:20 PM,NBC,LA,SF,LA @ SF,Night,https://upload.wikimedia.org/wikipedia/en/thumb/8/8a/Los_Angeles_Rams_logo.svg/100px-Los_Angeles_Rams_logo.svg.png,https://upload.wikimedia.org/wikipedia/commons/thumb/3/3a/San_Francisco_49ers_logo.svg/100px-San_Francisco_49ers_logo.svg.png
6,"Sunday, October 18",Bye,,Las Vegas Raiders,,,,BYE,LV,BYE @ LV,NA,#N/A,https://upload.wikimedia.org/wikipedia/en/thumb/4/48/Las_Vegas_Raiders_logo.svg/100px-Las_Vegas_Raiders_logo.svg.png
6,"Sunday, October 18",Bye,,New Orleans Saints,,,,BYE,NO,BYE @ NO,NA,#N/A,https://upload.wikimedia.org/wikipedia/commons/thumb/5/50/New_Orleans_Saints_logo.svg/98px-New_Orleans_Saints_logo.svg.png
6,"Sunday, October 18",Bye,,Seattle Seahawks,,,,BYE,SEA,BYE @ SEA,NA,#N/A,https://upload.wikimedia.org/wikipedia/en/thumb/8/8e/Seattle_Seahawks_logo.svg/100px-Seattle_Seahawks_logo.svg.png
6,"Sunday, October 18",Bye,,Los Angeles Chargers,,,,BYE,LAC,BYE @ LAC,NA,#N/A,https://upload.wikimedia.org/wikipedia/en/thumb/7/72/NFL_Chargers_logo.svg/100px-NFL_Chargers_logo.svg.png
7,"Sunday, October 25",Pittsburgh Steelers,27,Tennessee Titans,24,1:00 PM,CBS,PIT,TEN,PIT @ TEN,Early,https://upload.wikimedia.org/wikipedia/commons/thumb/d/de/Pittsburgh_Steelers_logo.svg/100px-Pittsburgh_Steelers_logo.svg.png,https://raw.githubusercontent.com/guga31bb/nflfastR-data/master/titans.png
7,"Sunday, October 25",Detroit Lions,23,Atlanta Falcons,22,1:00 PM,FOX,DET,ATL,DET @ ATL,Early,https://upload.wikimedia.org/wikipedia/en/thumb/7/71/Detroit_Lions_logo.svg/100px-Detroit_Lions_logo.svg.png,https://upload.wikimedia.org/wikipedia/en/thumb/c/c5/Atlanta_Falcons_logo.svg/192px-Atlanta_Falcons_logo.svg.png
7,"Sunday, October 25",Cleveland Browns,37,Cincinnati Bengals,34,1:00 PM,CBS,CLE,CIN,CLE @ CIN,Early,https://upload.wikimedia.org/wikipedia/en/thumb/d/d9/Cleveland_Browns_logo.svg/100px-Cleveland_Browns_logo.svg.png,https://upload.wikimedia.org/wikipedia/commons/thumb/8/81/Cincinnati_Bengals_logo.svg/100px-Cincinnati_Bengals_logo.svg.png
7,"Sunday, October 25",Green Bay Packers,35,Houston Texans,20,1:00 PM,FOX,GB,HOU,GB @ HOU,Early,https://upload.wikimedia.org/wikipedia/commons/thumb/5/50/Green_Bay_Packers_logo.svg/100px-Green_Bay_Packers_logo.svg.png,https://upload.wikimedia.org/wikipedia/en/thumb/2/28/Houston_Texans_logo.svg/100px-Houston_Texans_logo.svg.png
7,"Sunday, October 25",Carolina Panthers,24,New Orleans Saints,27,1:00 PM,FOX,CAR,NO,CAR @ NO,Early,https://upload.wikimedia.org/wikipedia/en/thumb/1/1c/Carolina_Panthers_logo.svg/100px-Carolina_Panthers_logo.svg.png,https://upload.wikimedia.org/wikipedia/commons/thumb/5/50/New_Orleans_Saints_logo.svg/98px-New_Orleans_Saints_logo.svg.png
7,"Sunday, October 25",Buffalo Bills,18,New York Jets,10,1:00 PM,CBS,BUF,NYJ,BUF @ NYJ,Early,https://upload.wikimedia.org/wikipedia/en/thumb/7/77/Buffalo_Bills_logo.svg/189px-Buffalo_Bills_logo.svg.png,https://upload.wikimedia.org/wikipedia/en/thumb/6/6b/New_York_Jets_logo.svg/100px-New_York_Jets_logo.svg.png
7,"Sunday, October 25",Dallas Cowboys,3,Washington Football Team,25,1:00 PM,FOX,DAL,WAS,DAL @ WAS,Early,https://upload.wikimedia.org/wikipedia/commons/thumb/1/15/Dallas_Cowboys.svg/100px-Dallas_Cowboys.svg.png,https://upload.wikimedia.org/wikipedia/commons/thumb/7/72/Washington_football_team_wlogo.svg/100px-Washington_football_team_wlogo.svg.png
7,"Sunday, October 25",Tampa Bay Buccaneers,45,Las Vegas Raiders,20,4:05 PM,FOX,TB,LV,TB @ LV,Afternoon,https://upload.wikimedia.org/wikipedia/en/thumb/a/a2/Tampa_Bay_Buccaneers_logo.svg/100px-Tampa_Bay_Buccaneers_logo.svg.png,https://upload.wikimedia.org/wikipedia/en/thumb/4/48/Las_Vegas_Raiders_logo.svg/100px-Las_Vegas_Raiders_logo.svg.png
7,"Sunday, October 25",Kansas City Chiefs,43,Denver Broncos,16,4:25 PM,CBS,KC,DEN,KC @ DEN,Afternoon,https://upload.wikimedia.org/wikipedia/en/thumb/e/e1/Kansas_City_Chiefs_logo.svg/100px-Kansas_City_Chiefs_logo.svg.png,https://upload.wikimedia.org/wikipedia/en/thumb/4/44/Denver_Broncos_logo.svg/100px-Denver_Broncos_logo.svg.png
7,"Sunday, October 25",San Francisco 49ers,33,New England Patriots,6,4:25 PM,CBS,SF,NE,SF @ NE,Afternoon,https://upload.wikimedia.org/wikipedia/commons/thumb/3/3a/San_Francisco_49ers_logo.svg/100px-San_Francisco_49ers_logo.svg.png,https://upload.wikimedia.org/wikipedia/en/thumb/b/b9/New_England_Patriots_logo.svg/100px-New_England_Patriots_logo.svg.png
7,"Sunday, October 25",Jacksonville Jaguars,29,Los Angeles Chargers,39,4:25 PM,CBS,JAX,LAC,JAX @ LAC,Afternoon,https://upload.wikimedia.org/wikipedia/en/thumb/7/74/Jacksonville_Jaguars_logo.svg/100px-Jacksonville_Jaguars_logo.svg.png,https://upload.wikimedia.org/wikipedia/en/thumb/7/72/NFL_Chargers_logo.svg/100px-NFL_Chargers_logo.svg.png
7,"Monday, October 26",Chicago Bears,10,Los Angeles Rams,24,8:15 PM,ESPN,CHI,LA,CHI @ LA,Night,https://upload.wikimedia.org/wikipedia/commons/thumb/5/5c/Chicago_Bears_logo.svg/100px-Chicago_Bears_logo.svg.png,https://upload.wikimedia.org/wikipedia/en/thumb/8/8a/Los_Angeles_Rams_logo.svg/100px-Los_Angeles_Rams_logo.svg.png
7,"Thursday, October 22",New York Giants,21,Philadelphia Eagles,22,8:20 PM,FOX/NFLN/Amazon,NYG,PHI,NYG @ PHI,Night,https://upload.wikimedia.org/wikipedia/commons/thumb/6/60/New_York_Giants_logo.svg/100px-New_York_Giants_logo.svg.png,https://upload.wikimedia.org/wikipedia/en/thumb/8/8e/Philadelphia_Eagles_logo.svg/100px-Philadelphia_Eagles_logo.svg.png
7,"Sunday, October 25",Seattle Seahawks,34,Arizona Cardinals,37,8:20 PM,NBC,SEA,ARI,SEA @ ARI,Night,https://upload.wikimedia.org/wikipedia/en/thumb/8/8e/Seattle_Seahawks_logo.svg/100px-Seattle_Seahawks_logo.svg.png,https://upload.wikimedia.org/wikipedia/en/thumb/7/72/Arizona_Cardinals_logo.svg/179px-Arizona_Cardinals_logo.svg.png
7,"Sunday, October 25",Bye,,Indianapolis Colts,,,,BYE,IND,BYE @ IND,NA,#N/A,https://upload.wikimedia.org/wikipedia/commons/thumb/0/00/Indianapolis_Colts_logo.svg/100px-Indianapolis_Colts_logo.svg.png
7,"Sunday, October 25",Bye,,Minnesota Vikings,,,,BYE,MIN,BYE @ MIN,NA,#N/A,https://upload.wikimedia.org/wikipedia/en/thumb/4/48/Minnesota_Vikings_logo.svg/98px-Minnesota_Vikings_logo.svg.png
7,"Sunday, October 25",Bye,,Baltimore Ravens,,,,BYE,BAL,BYE @ BAL,NA,#N/A,https://upload.wikimedia.org/wikipedia/en/thumb/1/16/Baltimore_Ravens_logo.svg/193px-Baltimore_Ravens_logo.svg.png
7,"Sunday, October 25",Bye,,Miami Dolphins,,,,BYE,MIA,BYE @ MIA,NA,#N/A,https://upload.wikimedia.org/wikipedia/en/thumb/3/37/Miami_Dolphins_logo.svg/100px-Miami_Dolphins_logo.svg.png
8,"Sunday, November 1",Pittsburgh Steelers,28,Baltimore Ravens,24,1:00 PM,CBS,PIT,BAL,PIT @ BAL,Early,https://upload.wikimedia.org/wikipedia/commons/thumb/d/de/Pittsburgh_Steelers_logo.svg/100px-Pittsburgh_Steelers_logo.svg.png,https://upload.wikimedia.org/wikipedia/en/thumb/1/16/Baltimore_Ravens_logo.svg/193px-Baltimore_Ravens_logo.svg.png
8,"Sunday, November 1",New England Patriots,21,Buffalo Bills,24,1:00 PM,CBS,NE,BUF,NE @ BUF,Early,https://upload.wikimedia.org/wikipedia/en/thumb/b/b9/New_England_Patriots_logo.svg/100px-New_England_Patriots_logo.svg.png,https://upload.wikimedia.org/wikipedia/en/thumb/7/77/Buffalo_Bills_logo.svg/189px-Buffalo_Bills_logo.svg.png
8,"Sunday, November 1",Tennessee Titans,20,Cincinnati Bengals,31,1:00 PM,CBS,TEN,CIN,TEN @ CIN,Early,https://raw.githubusercontent.com/guga31bb/nflfastR-data/master/titans.png,https://upload.wikimedia.org/wikipedia/commons/thumb/8/81/Cincinnati_Bengals_logo.svg/100px-Cincinnati_Bengals_logo.svg.png
8,"Sunday, November 1",Las Vegas Raiders,16,Cleveland Browns,6,1:00 PM,FOX,LV,CLE,LV @ CLE,Early,https://upload.wikimedia.org/wikipedia/en/thumb/4/48/Las_Vegas_Raiders_logo.svg/100px-Las_Vegas_Raiders_logo.svg.png,https://upload.wikimedia.org/wikipedia/en/thumb/d/d9/Cleveland_Browns_logo.svg/100px-Cleveland_Browns_logo.svg.png
8,"Sunday, November 1",Indianapolis Colts,41,Detroit Lions,21,1:00 PM,CBS,IND,DET,IND @ DET,Early,https://upload.wikimedia.org/wikipedia/commons/thumb/0/00/Indianapolis_Colts_logo.svg/100px-Indianapolis_Colts_logo.svg.png,https://upload.wikimedia.org/wikipedia/en/thumb/7/71/Detroit_Lions_logo.svg/100px-Detroit_Lions_logo.svg.png
8,"Sunday, November 1",Minnesota Vikings,28,Green Bay Packers,22,1:00 PM,FOX,MIN,GB,MIN @ GB,Early,https://upload.wikimedia.org/wikipedia/en/thumb/4/48/Minnesota_Vikings_logo.svg/98px-Minnesota_Vikings_logo.svg.png,https://upload.wikimedia.org/wikipedia/commons/thumb/5/50/Green_Bay_Packers_logo.svg/100px-Green_Bay_Packers_logo.svg.png
8,"Sunday, November 1",New York Jets,9,Kansas City Chiefs,35,1:00 PM,CBS,NYJ,KC,NYJ @ KC,Early,https://upload.wikimedia.org/wikipedia/en/thumb/6/6b/New_York_Jets_logo.svg/100px-New_York_Jets_logo.svg.png,https://upload.wikimedia.org/wikipedia/en/thumb/e/e1/Kansas_City_Chiefs_logo.svg/100px-Kansas_City_Chiefs_logo.svg.png
8,"Sunday, November 1",Los Angeles Rams,17,Miami Dolphins,28,1:00 PM,FOX,LA,MIA,LA @ MIA,Early,https://upload.wikimedia.org/wikipedia/en/thumb/8/8a/Los_Angeles_Rams_logo.svg/100px-Los_Angeles_Rams_logo.svg.png,https://upload.wikimedia.org/wikipedia/en/thumb/3/37/Miami_Dolphins_logo.svg/100px-Miami_Dolphins_logo.svg.png
8,"Sunday, November 1",Los Angeles Chargers,30,Denver Broncos,31,4:05 PM,CBS,LAC,DEN,LAC @ DEN,Afternoon,https://upload.wikimedia.org/wikipedia/en/thumb/7/72/NFL_Chargers_logo.svg/100px-NFL_Chargers_logo.svg.png,https://upload.wikimedia.org/wikipedia/en/thumb/4/44/Denver_Broncos_logo.svg/100px-Denver_Broncos_logo.svg.png
8,"Sunday, November 1",New Orleans Saints,26,Chicago Bears,23,4:25 PM,FOX,NO,CHI,NO @ CHI,Afternoon,https://upload.wikimedia.org/wikipedia/commons/thumb/5/50/New_Orleans_Saints_logo.svg/98px-New_Orleans_Saints_logo.svg.png,https://upload.wikimedia.org/wikipedia/commons/thumb/5/5c/Chicago_Bears_logo.svg/100px-Chicago_Bears_logo.svg.png
8,"Sunday, November 1",San Francisco 49ers,27,Seattle Seahawks,37,4:25 PM,FOX,SF,SEA,SF @ SEA,Afternoon,https://upload.wikimedia.org/wikipedia/commons/thumb/3/3a/San_Francisco_49ers_logo.svg/100px-San_Francisco_49ers_logo.svg.png,https://upload.wikimedia.org/wikipedia/en/thumb/8/8e/Seattle_Seahawks_logo.svg/100px-Seattle_Seahawks_logo.svg.png
8,"Monday, November 2",Tampa Bay Buccaneers,,New York Giants,,8:15 PM,ESPN,TB,NYG,TB @ NYG,Night,https://upload.wikimedia.org/wikipedia/en/thumb/a/a2/Tampa_Bay_Buccaneers_logo.svg/100px-Tampa_Bay_Buccaneers_logo.svg.png,https://upload.wikimedia.org/wikipedia/commons/thumb/6/60/New_York_Giants_logo.svg/100px-New_York_Giants_logo.svg.png
8,"Thursday, October 29",Atlanta Falcons,25,Carolina Panthers,17,8:20 PM,FOX/NFLN/Amazon,ATL,CAR,ATL @ CAR,Night,https://upload.wikimedia.org/wikipedia/en/thumb/c/c5/Atlanta_Falcons_logo.svg/192px-Atlanta_Falcons_logo.svg.png,https://upload.wikimedia.org/wikipedia/en/thumb/1/1c/Carolina_Panthers_logo.svg/100px-Carolina_Panthers_logo.svg.png
8,"Sunday, November 1",Dallas Cowboys,,Philadelphia Eagles,,8:20 PM,NBC,DAL,PHI,DAL @ PHI,Night,https://upload.wikimedia.org/wikipedia/commons/thumb/1/15/Dallas_Cowboys.svg/100px-Dallas_Cowboys.svg.png,https://upload.wikimedia.org/wikipedia/en/thumb/8/8e/Philadelphia_Eagles_logo.svg/100px-Philadelphia_Eagles_logo.svg.png
8,"Sunday, November 1",Bye,,Jacksonville Jaguars,,,,BYE,JAX,BYE @ JAX,NA,#N/A,https://upload.wikimedia.org/wikipedia/en/thumb/7/74/Jacksonville_Jaguars_logo.svg/100px-Jacksonville_Jaguars_logo.svg.png
8,"Sunday, November 1",Bye,,Arizona Cardinals,,,,BYE,ARI,BYE @ ARI,NA,#N/A,https://upload.wikimedia.org/wikipedia/en/thumb/7/72/Arizona_Cardinals_logo.svg/179px-Arizona_Cardinals_logo.svg.png
8,"Sunday, November 1",Bye,,Houston Texans,,,,BYE,HOU,BYE @ HOU,NA,#N/A,https://upload.wikimedia.org/wikipedia/en/thumb/2/28/Houston_Texans_logo.svg/100px-Houston_Texans_logo.svg.png
8,"Sunday, November 1",Bye,,Washington Football Team,,,,BYE,WAS,BYE @ WAS,NA,#N/A,https://upload.wikimedia.org/wikipedia/commons/thumb/7/72/Washington_football_team_wlogo.svg/100px-Washington_football_team_wlogo.svg.png
9,"Sunday, November 8",Denver Broncos,,Atlanta Falcons,,1:00 PM,CBS,DEN,ATL,DEN @ ATL,Early,https://upload.wikimedia.org/wikipedia/en/thumb/4/44/Denver_Broncos_logo.svg/100px-Denver_Broncos_logo.svg.png,https://upload.wikimedia.org/wikipedia/en/thumb/c/c5/Atlanta_Falcons_logo.svg/192px-Atlanta_Falcons_logo.svg.png
9,"Sunday, November 8",Seattle Seahawks,,Buffalo Bills,,1:00 PM,FOX,SEA,BUF,SEA @ BUF,Early,https://upload.wikimedia.org/wikipedia/en/thumb/8/8e/Seattle_Seahawks_logo.svg/100px-Seattle_Seahawks_logo.svg.png,https://upload.wikimedia.org/wikipedia/en/thumb/7/77/Buffalo_Bills_logo.svg/189px-Buffalo_Bills_logo.svg.png
9,"Sunday, November 8",Baltimore Ravens,,Indianapolis Colts,,1:00 PM,CBS,BAL,IND,BAL @ IND,Early,https://upload.wikimedia.org/wikipedia/en/thumb/1/16/Baltimore_Ravens_logo.svg/193px-Baltimore_Ravens_logo.svg.png,https://upload.wikimedia.org/wikipedia/commons/thumb/0/00/Indianapolis_Colts_logo.svg/100px-Indianapolis_Colts_logo.svg.png
9,"Sunday, November 8",Houston Texans,,Jacksonville Jaguars,,1:00 PM,CBS,HOU,JAX,HOU @ JAX,Early,https://upload.wikimedia.org/wikipedia/en/thumb/2/28/Houston_Texans_logo.svg/100px-Houston_Texans_logo.svg.png,https://upload.wikimedia.org/wikipedia/en/thumb/7/74/Jacksonville_Jaguars_logo.svg/100px-Jacksonville_Jaguars_logo.svg.png
9,"Sunday, November 8",Carolina Panthers,,Kansas City Chiefs,,1:00 PM,FOX,CAR,KC,CAR @ KC,Early,https://upload.wikimedia.org/wikipedia/en/thumb/1/1c/Carolina_Panthers_logo.svg/100px-Carolina_Panthers_logo.svg.png,https://upload.wikimedia.org/wikipedia/en/thumb/e/e1/Kansas_City_Chiefs_logo.svg/100px-Kansas_City_Chiefs_logo.svg.png
9,"Sunday, November 8",Detroit Lions,,Minnesota Vikings,,1:00 PM,CBS,DET,MIN,DET @ MIN,Early,https://upload.wikimedia.org/wikipedia/en/thumb/7/71/Detroit_Lions_logo.svg/100px-Detroit_Lions_logo.svg.png,https://upload.wikimedia.org/wikipedia/en/thumb/4/48/Minnesota_Vikings_logo.svg/98px-Minnesota_Vikings_logo.svg.png
9,"Sunday, November 8",Chicago Bears,,Tennessee Titans,,1:00 PM,FOX,CHI,TEN,CHI @ TEN,Early,https://upload.wikimedia.org/wikipedia/commons/thumb/5/5c/Chicago_Bears_logo.svg/100px-Chicago_Bears_logo.svg.png,https://raw.githubusercontent.com/guga31bb/nflfastR-data/master/titans.png
9,"Sunday, November 8",New York Giants,,Washington Football Team,,1:00 PM,FOX,NYG,WAS,NYG @ WAS,Early,https://upload.wikimedia.org/wikipedia/commons/thumb/6/60/New_York_Giants_logo.svg/100px-New_York_Giants_logo.svg.png,https://upload.wikimedia.org/wikipedia/commons/thumb/7/72/Washington_football_team_wlogo.svg/100px-Washington_football_team_wlogo.svg.png
9,"Sunday, November 8",Las Vegas Raiders,,Los Angeles Chargers,,4:05 PM,FOX,LV,LAC,LV @ LAC,Afternoon,https://upload.wikimedia.org/wikipedia/en/thumb/4/48/Las_Vegas_Raiders_logo.svg/100px-Las_Vegas_Raiders_logo.svg.png,https://upload.wikimedia.org/wikipedia/en/thumb/7/72/NFL_Chargers_logo.svg/100px-NFL_Chargers_logo.svg.png
9,"Sunday, November 8",Miami Dolphins,,Arizona Cardinals,,4:25 PM,CBS,MIA,ARI,MIA @ ARI,Afternoon,https://upload.wikimedia.org/wikipedia/en/thumb/3/37/Miami_Dolphins_logo.svg/100px-Miami_Dolphins_logo.svg.png,https://upload.wikimedia.org/wikipedia/en/thumb/7/72/Arizona_Cardinals_logo.svg/179px-Arizona_Cardinals_logo.svg.png
9,"Sunday, November 8",Pittsburgh Steelers,,Dallas Cowboys,,4:25 PM,CBS,PIT,DAL,PIT @ DAL,Afternoon,https://upload.wikimedia.org/wikipedia/commons/thumb/d/de/Pittsburgh_Steelers_logo.svg/100px-Pittsburgh_Steelers_logo.svg.png,https://upload.wikimedia.org/wikipedia/commons/thumb/1/15/Dallas_Cowboys.svg/100px-Dallas_Cowboys.svg.png
9,"Monday, November 9",New England Patriots,,New York Jets,,8:15 PM,ESPN,NE,NYJ,NE @ NYJ,Night,https://upload.wikimedia.org/wikipedia/en/thumb/b/b9/New_England_Patriots_logo.svg/100px-New_England_Patriots_logo.svg.png,https://upload.wikimedia.org/wikipedia/en/thumb/6/6b/New_York_Jets_logo.svg/100px-New_York_Jets_logo.svg.png
9,"Thursday, November 5",Green Bay Packers,,San Francisco 49ers,,8:20 PM,FOX/NFLN/Amazon,GB,SF,GB @ SF,Night,https://upload.wikimedia.org/wikipedia/commons/thumb/5/50/Green_Bay_Packers_logo.svg/100px-Green_Bay_Packers_logo.svg.png,https://upload.wikimedia.org/wikipedia/commons/thumb/3/3a/San_Francisco_49ers_logo.svg/100px-San_Francisco_49ers_logo.svg.png
9,"Sunday, November 8",New Orleans Saints,,Tampa Bay Buccaneers,,8:20 PM,NBC,NO,TB,NO @ TB,Night,https://upload.wikimedia.org/wikipedia/commons/thumb/5/50/New_Orleans_Saints_logo.svg/98px-New_Orleans_Saints_logo.svg.png,https://upload.wikimedia.org/wikipedia/en/thumb/a/a2/Tampa_Bay_Buccaneers_logo.svg/100px-Tampa_Bay_Buccaneers_logo.svg.png
9,"Sunday, November 8",Bye,,Cincinnati Bengals,,,,BYE,CIN,BYE @ CIN,NA,#N/A,https://upload.wikimedia.org/wikipedia/commons/thumb/8/81/Cincinnati_Bengals_logo.svg/100px-Cincinnati_Bengals_logo.svg.png
9,"Sunday, November 8",Bye,,Cleveland Browns,,,,BYE,CLE,BYE @ CLE,NA,#N/A,https://upload.wikimedia.org/wikipedia/en/thumb/d/d9/Cleveland_Browns_logo.svg/100px-Cleveland_Browns_logo.svg.png
9,"Sunday, November 8",Bye,,Los Angeles Rams,,,,BYE,LA,BYE @ LA,NA,#N/A,https://upload.wikimedia.org/wikipedia/en/thumb/8/8a/Los_Angeles_Rams_logo.svg/100px-Los_Angeles_Rams_logo.svg.png
9,"Sunday, November 8",Bye,,Philadelphia Eagles,,,,BYE,PHI,BYE @ PHI,NA,#N/A,https://upload.wikimedia.org/wikipedia/en/thumb/8/8e/Philadelphia_Eagles_logo.svg/100px-Philadelphia_Eagles_logo.svg.png
10,"Sunday, November 15",Tampa Bay Buccaneers,,Carolina Panthers,,1:00 PM,FOX,TB,CAR,TB @ CAR,Early,https://upload.wikimedia.org/wikipedia/en/thumb/a/a2/Tampa_Bay_Buccaneers_logo.svg/100px-Tampa_Bay_Buccaneers_logo.svg.png,https://upload.wikimedia.org/wikipedia/en/thumb/1/1c/Carolina_Panthers_logo.svg/100px-Carolina_Panthers_logo.svg.png
10,"Sunday, November 15",Houston Texans,,Cleveland Browns,,1:00 PM,FOX,HOU,CLE,HOU @ CLE,Early,https://upload.wikimedia.org/wikipedia/en/thumb/2/28/Houston_Texans_logo.svg/100px-Houston_Texans_logo.svg.png,https://upload.wikimedia.org/wikipedia/en/thumb/d/d9/Cleveland_Browns_logo.svg/100px-Cleveland_Browns_logo.svg.png
10,"Sunday, November 15",Washington Football Team,,Detroit Lions,,1:00 PM,FOX,WAS,DET,WAS @ DET,Early,https://upload.wikimedia.org/wikipedia/commons/thumb/7/72/Washington_football_team_wlogo.svg/100px-Washington_football_team_wlogo.svg.png,https://upload.wikimedia.org/wikipedia/en/thumb/7/71/Detroit_Lions_logo.svg/100px-Detroit_Lions_logo.svg.png
10,"Sunday, November 15",Jacksonville Jaguars,,Green Bay Packers,,1:00 PM,FOX,JAX,GB,JAX @ GB,Early,https://upload.wikimedia.org/wikipedia/en/thumb/7/74/Jacksonville_Jaguars_logo.svg/100px-Jacksonville_Jaguars_logo.svg.png,https://upload.wikimedia.org/wikipedia/commons/thumb/5/50/Green_Bay_Packers_logo.svg/100px-Green_Bay_Packers_logo.svg.png
10,"Sunday, November 15",Philadelphia Eagles,,New York Giants,,1:00 PM,FOX,PHI,NYG,PHI @ NYG,Early,https://upload.wikimedia.org/wikipedia/en/thumb/8/8e/Philadelphia_Eagles_logo.svg/100px-Philadelphia_Eagles_logo.svg.png,https://upload.wikimedia.org/wikipedia/commons/thumb/6/60/New_York_Giants_logo.svg/100px-New_York_Giants_logo.svg.png
10,"Sunday, November 15",Los Angeles Chargers,,Miami Dolphins,,4:05 PM,CBS,LAC,MIA,LAC @ MIA,Afternoon,https://upload.wikimedia.org/wikipedia/en/thumb/7/72/NFL_Chargers_logo.svg/100px-NFL_Chargers_logo.svg.png,https://upload.wikimedia.org/wikipedia/en/thumb/3/37/Miami_Dolphins_logo.svg/100px-Miami_Dolphins_logo.svg.png
10,"Sunday, November 15",Buffalo Bills,,Arizona Cardinals,,4:05 PM,CBS,BUF,ARI,BUF @ ARI,Afternoon,https://upload.wikimedia.org/wikipedia/en/thumb/7/77/Buffalo_Bills_logo.svg/189px-Buffalo_Bills_logo.svg.png,https://upload.wikimedia.org/wikipedia/en/thumb/7/72/Arizona_Cardinals_logo.svg/179px-Arizona_Cardinals_logo.svg.png
10,"Sunday, November 15",Denver Broncos,,Las Vegas Raiders,,4:05 PM,CBS,DEN,LV,DEN @ LV,Afternoon,https://upload.wikimedia.org/wikipedia/en/thumb/4/44/Denver_Broncos_logo.svg/100px-Denver_Broncos_logo.svg.png,https://upload.wikimedia.org/wikipedia/en/thumb/4/48/Las_Vegas_Raiders_logo.svg/100px-Las_Vegas_Raiders_logo.svg.png
10,"Sunday, November 15",Seattle Seahawks,,Los Angeles Rams,,4:25 PM,FOX,SEA,LA,SEA @ LA,Afternoon,https://upload.wikimedia.org/wikipedia/en/thumb/8/8e/Seattle_Seahawks_logo.svg/100px-Seattle_Seahawks_logo.svg.png,https://upload.wikimedia.org/wikipedia/en/thumb/8/8a/Los_Angeles_Rams_logo.svg/100px-Los_Angeles_Rams_logo.svg.png
10,"Sunday, November 15",Cincinnati Bengals,,Pittsburgh Steelers,,4:25 PM,FOX,CIN,PIT,CIN @ PIT,Afternoon,https://upload.wikimedia.org/wikipedia/commons/thumb/8/81/Cincinnati_Bengals_logo.svg/100px-Cincinnati_Bengals_logo.svg.png,https://upload.wikimedia.org/wikipedia/commons/thumb/d/de/Pittsburgh_Steelers_logo.svg/100px-Pittsburgh_Steelers_logo.svg.png
10,"Sunday, November 15",San Francisco 49ers,,New Orleans Saints,,4:25 PM,FOX,SF,NO,SF @ NO,Afternoon,https://upload.wikimedia.org/wikipedia/commons/thumb/3/3a/San_Francisco_49ers_logo.svg/100px-San_Francisco_49ers_logo.svg.png,https://upload.wikimedia.org/wikipedia/commons/thumb/5/50/New_Orleans_Saints_logo.svg/98px-New_Orleans_Saints_logo.svg.png
10,"Monday, November 16",Minnesota Vikings,,Chicago Bears,,8:15 PM,ESPN,MIN,CHI,MIN @ CHI,Night,https://upload.wikimedia.org/wikipedia/en/thumb/4/48/Minnesota_Vikings_logo.svg/98px-Minnesota_Vikings_logo.svg.png,https://upload.wikimedia.org/wikipedia/commons/thumb/5/5c/Chicago_Bears_logo.svg/100px-Chicago_Bears_logo.svg.png
10,"Thursday, November 12",Indianapolis Colts,,Tennessee Titans,,8:20 PM,FOX/NFLN/Amazon,IND,TEN,IND @ TEN,Night,https://upload.wikimedia.org/wikipedia/commons/thumb/0/00/Indianapolis_Colts_logo.svg/100px-Indianapolis_Colts_logo.svg.png,https://raw.githubusercontent.com/guga31bb/nflfastR-data/master/titans.png
10,"Sunday, November 15",Baltimore Ravens,,New England Patriots,,8:20 PM,NBC,BAL,NE,BAL @ NE,Night,https://upload.wikimedia.org/wikipedia/en/thumb/1/16/Baltimore_Ravens_logo.svg/193px-Baltimore_Ravens_logo.svg.png,https://upload.wikimedia.org/wikipedia/en/thumb/b/b9/New_England_Patriots_logo.svg/100px-New_England_Patriots_logo.svg.png
10,"Sunday, November 15",Bye,,Atlanta Falcons,,,,BYE,ATL,BYE @ ATL,NA,#N/A,https://upload.wikimedia.org/wikipedia/en/thumb/c/c5/Atlanta_Falcons_logo.svg/192px-Atlanta_Falcons_logo.svg.png
10,"Sunday, November 15",Bye,,Dallas Cowboys,,,,BYE,DAL,BYE @ DAL,NA,#N/A,https://upload.wikimedia.org/wikipedia/commons/thumb/1/15/Dallas_Cowboys.svg/100px-Dallas_Cowboys.svg.png
10,"Sunday, November 15",Bye,,Kansas City Chiefs,,,,BYE,KC,BYE @ KC,NA,#N/A,https://upload.wikimedia.org/wikipedia/en/thumb/e/e1/Kansas_City_Chiefs_logo.svg/100px-Kansas_City_Chiefs_logo.svg.png
10,"Sunday, November 15",Bye,,New York Jets,,,,BYE,NYJ,BYE @ NYJ,NA,#N/A,https://upload.wikimedia.org/wikipedia/en/thumb/6/6b/New_York_Jets_logo.svg/100px-New_York_Jets_logo.svg.png
11,"Sunday, November 22",Tennessee Titans,,Baltimore Ravens,,1:00 PM,CBS,TEN,BAL,TEN @ BAL,Early,https://raw.githubusercontent.com/guga31bb/nflfastR-data/master/titans.png,https://upload.wikimedia.org/wikipedia/en/thumb/1/16/Baltimore_Ravens_logo.svg/193px-Baltimore_Ravens_logo.svg.png
11,"Sunday, November 22",Detroit Lions,,Carolina Panthers,,1:00 PM,FOX,DET,CAR,DET @ CAR,Early,https://upload.wikimedia.org/wikipedia/en/thumb/7/71/Detroit_Lions_logo.svg/100px-Detroit_Lions_logo.svg.png,https://upload.wikimedia.org/wikipedia/en/thumb/1/1c/Carolina_Panthers_logo.svg/100px-Carolina_Panthers_logo.svg.png
11,"Sunday, November 22",Philadelphia Eagles,,Cleveland Browns,,1:00 PM,FOX,PHI,CLE,PHI @ CLE,Early,https://upload.wikimedia.org/wikipedia/en/thumb/8/8e/Philadelphia_Eagles_logo.svg/100px-Philadelphia_Eagles_logo.svg.png,https://upload.wikimedia.org/wikipedia/en/thumb/d/d9/Cleveland_Browns_logo.svg/100px-Cleveland_Browns_logo.svg.png
11,"Sunday, November 22",New England Patriots,,Houston Texans,,1:00 PM,CBS,NE,HOU,NE @ HOU,Early,https://upload.wikimedia.org/wikipedia/en/thumb/b/b9/New_England_Patriots_logo.svg/100px-New_England_Patriots_logo.svg.png,https://upload.wikimedia.org/wikipedia/en/thumb/2/28/Houston_Texans_logo.svg/100px-Houston_Texans_logo.svg.png
11,"Sunday, November 22",Green Bay Packers,,Indianapolis Colts,,1:00 PM,FOX,GB,IND,GB @ IND,Early,https://upload.wikimedia.org/wikipedia/commons/thumb/5/50/Green_Bay_Packers_logo.svg/100px-Green_Bay_Packers_logo.svg.png,https://upload.wikimedia.org/wikipedia/commons/thumb/0/00/Indianapolis_Colts_logo.svg/100px-Indianapolis_Colts_logo.svg.png
11,"Sunday, November 22",Pittsburgh Steelers,,Jacksonville Jaguars,,1:00 PM,CBS,PIT,JAX,PIT @ JAX,Early,https://upload.wikimedia.org/wikipedia/commons/thumb/d/de/Pittsburgh_Steelers_logo.svg/100px-Pittsburgh_Steelers_logo.svg.png,https://upload.wikimedia.org/wikipedia/en/thumb/7/74/Jacksonville_Jaguars_logo.svg/100px-Jacksonville_Jaguars_logo.svg.png
11,"Sunday, November 22",Atlanta Falcons,,New Orleans Saints,,1:00 PM,FOX,ATL,NO,ATL @ NO,Early,https://upload.wikimedia.org/wikipedia/en/thumb/c/c5/Atlanta_Falcons_logo.svg/192px-Atlanta_Falcons_logo.svg.png,https://upload.wikimedia.org/wikipedia/commons/thumb/5/50/New_Orleans_Saints_logo.svg/98px-New_Orleans_Saints_logo.svg.png
11,"Sunday, November 22",Cincinnati Bengals,,Washington Football Team,,1:00 PM,CBS,CIN,WAS,CIN @ WAS,Early,https://upload.wikimedia.org/wikipedia/commons/thumb/8/81/Cincinnati_Bengals_logo.svg/100px-Cincinnati_Bengals_logo.svg.png,https://upload.wikimedia.org/wikipedia/commons/thumb/7/72/Washington_football_team_wlogo.svg/100px-Washington_football_team_wlogo.svg.png
11,"Sunday, November 22",Miami Dolphins,,Denver Broncos,,4:05 PM,CBS,MIA,DEN,MIA @ DEN,Afternoon,https://upload.wikimedia.org/wikipedia/en/thumb/3/37/Miami_Dolphins_logo.svg/100px-Miami_Dolphins_logo.svg.png,https://upload.wikimedia.org/wikipedia/en/thumb/4/44/Denver_Broncos_logo.svg/100px-Denver_Broncos_logo.svg.png
11,"Sunday, November 22",New York Jets,,Los Angeles Chargers,,4:05 PM,CBS,NYJ,LAC,NYJ @ LAC,Afternoon,https://upload.wikimedia.org/wikipedia/en/thumb/6/6b/New_York_Jets_logo.svg/100px-New_York_Jets_logo.svg.png,https://upload.wikimedia.org/wikipedia/en/thumb/7/72/NFL_Chargers_logo.svg/100px-NFL_Chargers_logo.svg.png
11,"Sunday, November 22",Los Angeles Chargers,,Denver Broncos,,4:05 PM,CBS,LAC,DEN,LAC @ DEN,Afternoon,https://upload.wikimedia.org/wikipedia/en/thumb/7/72/NFL_Chargers_logo.svg/100px-NFL_Chargers_logo.svg.png,https://upload.wikimedia.org/wikipedia/en/thumb/4/44/Denver_Broncos_logo.svg/100px-Denver_Broncos_logo.svg.png
11,"Sunday, November 22",Dallas Cowboys,,Minnesota Vikings,,4:25 PM,FOX,DAL,MIN,DAL @ MIN,Afternoon,https://upload.wikimedia.org/wikipedia/commons/thumb/1/15/Dallas_Cowboys.svg/100px-Dallas_Cowboys.svg.png,https://upload.wikimedia.org/wikipedia/en/thumb/4/48/Minnesota_Vikings_logo.svg/98px-Minnesota_Vikings_logo.svg.png
11,"Monday, November 23",Los Angeles Rams,,Tampa Bay Buccaneers,,8:15 PM,ESPN,LA,TB,LA @ TB,Night,https://upload.wikimedia.org/wikipedia/en/thumb/8/8a/Los_Angeles_Rams_logo.svg/100px-Los_Angeles_Rams_logo.svg.png,https://upload.wikimedia.org/wikipedia/en/thumb/a/a2/Tampa_Bay_Buccaneers_logo.svg/100px-Tampa_Bay_Buccaneers_logo.svg.png
11,"Thursday, November 19",Arizona Cardinals,,Seattle Seahawks,,8:20 PM,FOX/NFLN/Amazon,ARI,SEA,ARI @ SEA,Night,https://upload.wikimedia.org/wikipedia/en/thumb/7/72/Arizona_Cardinals_logo.svg/179px-Arizona_Cardinals_logo.svg.png,https://upload.wikimedia.org/wikipedia/en/thumb/8/8e/Seattle_Seahawks_logo.svg/100px-Seattle_Seahawks_logo.svg.png
11,"Sunday, November 22",Kansas City Chiefs,,Las Vegas Raiders,,8:20 PM,NBC,KC,LV,KC @ LV,Night,https://upload.wikimedia.org/wikipedia/en/thumb/e/e1/Kansas_City_Chiefs_logo.svg/100px-Kansas_City_Chiefs_logo.svg.png,https://upload.wikimedia.org/wikipedia/en/thumb/4/48/Las_Vegas_Raiders_logo.svg/100px-Las_Vegas_Raiders_logo.svg.png
11,"Sunday, November 22",Bye,,Buffalo Bills,,,,BYE,BUF,BYE @ BUF,NA,#N/A,https://upload.wikimedia.org/wikipedia/en/thumb/7/77/Buffalo_Bills_logo.svg/189px-Buffalo_Bills_logo.svg.png
11,"Sunday, November 22",Bye,,Chicago Bears,,,,BYE,CHI,BYE @ CHI,NA,#N/A,https://upload.wikimedia.org/wikipedia/commons/thumb/5/5c/Chicago_Bears_logo.svg/100px-Chicago_Bears_logo.svg.png
11,"Sunday, November 22",Bye,,New York Giants,,,,BYE,NYG,BYE @ NYG,NA,#N/A,https://upload.wikimedia.org/wikipedia/commons/thumb/6/60/New_York_Giants_logo.svg/100px-New_York_Giants_logo.svg.png
11,"Sunday, November 22",Bye,,San Francisco 49ers,,,,BYE,SF,BYE @ SF,NA,#N/A,https://upload.wikimedia.org/wikipedia/commons/thumb/3/3a/San_Francisco_49ers_logo.svg/100px-San_Francisco_49ers_logo.svg.png
12,"Thursday, November 26",Houston Texans,,Detroit Lions,,12:30 PM,CBS,HOU,DET,HOU @ DET,Early,https://upload.wikimedia.org/wikipedia/en/thumb/2/28/Houston_Texans_logo.svg/100px-Houston_Texans_logo.svg.png,https://upload.wikimedia.org/wikipedia/en/thumb/7/71/Detroit_Lions_logo.svg/100px-Detroit_Lions_logo.svg.png
12,"Sunday, November 29",Las Vegas Raiders,,Atlanta Falcons,,1:00 PM,CBS,LV,ATL,LV @ ATL,Early,https://upload.wikimedia.org/wikipedia/en/thumb/4/48/Las_Vegas_Raiders_logo.svg/100px-Las_Vegas_Raiders_logo.svg.png,https://upload.wikimedia.org/wikipedia/en/thumb/c/c5/Atlanta_Falcons_logo.svg/192px-Atlanta_Falcons_logo.svg.png
12,"Sunday, November 29",Los Angeles Chargers,,Buffalo Bills,,1:00 PM,CBS,LAC,BUF,LAC @ BUF,Early,https://upload.wikimedia.org/wikipedia/en/thumb/7/72/NFL_Chargers_logo.svg/100px-NFL_Chargers_logo.svg.png,https://upload.wikimedia.org/wikipedia/en/thumb/7/77/Buffalo_Bills_logo.svg/189px-Buffalo_Bills_logo.svg.png
12,"Sunday, November 29",New York Giants,,Cincinnati Bengals,,1:00 PM,FOX,NYG,CIN,NYG @ CIN,Early,https://upload.wikimedia.org/wikipedia/commons/thumb/6/60/New_York_Giants_logo.svg/100px-New_York_Giants_logo.svg.png,https://upload.wikimedia.org/wikipedia/commons/thumb/8/81/Cincinnati_Bengals_logo.svg/100px-Cincinnati_Bengals_logo.svg.png
12,"Sunday, November 29",Tennessee Titans,,Indianapolis Colts,,1:00 PM,CBS,TEN,IND,TEN @ IND,Early,https://raw.githubusercontent.com/guga31bb/nflfastR-data/master/titans.png,https://upload.wikimedia.org/wikipedia/commons/thumb/0/00/Indianapolis_Colts_logo.svg/100px-Indianapolis_Colts_logo.svg.png
12,"Sunday, November 29",Cleveland Browns,,Jacksonville Jaguars,,1:00 PM,CBS,CLE,JAX,CLE @ JAX,Early,https://upload.wikimedia.org/wikipedia/en/thumb/d/d9/Cleveland_Browns_logo.svg/100px-Cleveland_Browns_logo.svg.png,https://upload.wikimedia.org/wikipedia/en/thumb/7/74/Jacksonville_Jaguars_logo.svg/100px-Jacksonville_Jaguars_logo.svg.png
12,"Sunday, November 29",Carolina Panthers,,Minnesota Vikings,,1:00 PM,FOX,CAR,MIN,CAR @ MIN,Early,https://upload.wikimedia.org/wikipedia/en/thumb/1/1c/Carolina_Panthers_logo.svg/100px-Carolina_Panthers_logo.svg.png,https://upload.wikimedia.org/wikipedia/en/thumb/4/48/Minnesota_Vikings_logo.svg/98px-Minnesota_Vikings_logo.svg.png
12,"Sunday, November 29",Arizona Cardinals,,New England Patriots,,1:00 PM,FOX,ARI,NE,ARI @ NE,Early,https://upload.wikimedia.org/wikipedia/en/thumb/7/72/Arizona_Cardinals_logo.svg/179px-Arizona_Cardinals_logo.svg.png,https://upload.wikimedia.org/wikipedia/en/thumb/b/b9/New_England_Patriots_logo.svg/100px-New_England_Patriots_logo.svg.png
12,"Sunday, November 29",Miami Dolphins,,New York Jets,,1:00 PM,CBS,MIA,NYJ,MIA @ NYJ,Early,https://upload.wikimedia.org/wikipedia/en/thumb/3/37/Miami_Dolphins_logo.svg/100px-Miami_Dolphins_logo.svg.png,https://upload.wikimedia.org/wikipedia/en/thumb/6/6b/New_York_Jets_logo.svg/100px-New_York_Jets_logo.svg.png
12,"Sunday, November 29",New Orleans Saints,,Denver Broncos,,4:05 PM,FOX,NO,DEN,NO @ DEN,Afternoon,https://upload.wikimedia.org/wikipedia/commons/thumb/5/50/New_Orleans_Saints_logo.svg/98px-New_Orleans_Saints_logo.svg.png,https://upload.wikimedia.org/wikipedia/en/thumb/4/44/Denver_Broncos_logo.svg/100px-Denver_Broncos_logo.svg.png
12,"Sunday, November 29",San Francisco 49ers,,Los Angeles Rams,,4:05 PM,FOX,SF,LA,SF @ LA,Afternoon,https://upload.wikimedia.org/wikipedia/commons/thumb/3/3a/San_Francisco_49ers_logo.svg/100px-San_Francisco_49ers_logo.svg.png,https://upload.wikimedia.org/wikipedia/en/thumb/8/8a/Los_Angeles_Rams_logo.svg/100px-Los_Angeles_Rams_logo.svg.png
12,"Sunday, November 29",Kansas City Chiefs,,Tampa Bay Buccaneers,,4:25 PM,CBS,KC,TB,KC @ TB,Afternoon,https://upload.wikimedia.org/wikipedia/en/thumb/e/e1/Kansas_City_Chiefs_logo.svg/100px-Kansas_City_Chiefs_logo.svg.png,https://upload.wikimedia.org/wikipedia/en/thumb/a/a2/Tampa_Bay_Buccaneers_logo.svg/100px-Tampa_Bay_Buccaneers_logo.svg.png
12,"Thursday, November 26",Washington Football Team,,Dallas Cowboys,,4:30 PM,FOX,WAS,DAL,WAS @ DAL,Afternoon,https://upload.wikimedia.org/wikipedia/commons/thumb/7/72/Washington_football_team_wlogo.svg/100px-Washington_football_team_wlogo.svg.png,https://upload.wikimedia.org/wikipedia/commons/thumb/1/15/Dallas_Cowboys.svg/100px-Dallas_Cowboys.svg.png
12,"Monday, November 30",Seattle Seahawks,,Philadelphia Eagles,,8:15 PM,ESPN,SEA,PHI,SEA @ PHI,Night,https://upload.wikimedia.org/wikipedia/en/thumb/8/8e/Seattle_Seahawks_logo.svg/100px-Seattle_Seahawks_logo.svg.png,https://upload.wikimedia.org/wikipedia/en/thumb/8/8e/Philadelphia_Eagles_logo.svg/100px-Philadelphia_Eagles_logo.svg.png
12,"Thursday, November 26",Baltimore Ravens,,Pittsburgh Steelers,,8:20 PM,NBC,BAL,PIT,BAL @ PIT,Night,https://upload.wikimedia.org/wikipedia/en/thumb/1/16/Baltimore_Ravens_logo.svg/193px-Baltimore_Ravens_logo.svg.png,https://upload.wikimedia.org/wikipedia/commons/thumb/d/de/Pittsburgh_Steelers_logo.svg/100px-Pittsburgh_Steelers_logo.svg.png
12,"Sunday, November 29",Chicago Bears,,Green Bay Packers,,8:20 PM,NBC,CHI,GB,CHI @ GB,Night,https://upload.wikimedia.org/wikipedia/commons/thumb/5/5c/Chicago_Bears_logo.svg/100px-Chicago_Bears_logo.svg.png,https://upload.wikimedia.org/wikipedia/commons/thumb/5/50/Green_Bay_Packers_logo.svg/100px-Green_Bay_Packers_logo.svg.png
13,"Sunday, December 6",New Orleans Saints,,Atlanta Falcons,,1:00 PM,FOX,NO,ATL,NO @ ATL,Early,https://upload.wikimedia.org/wikipedia/commons/thumb/5/50/New_Orleans_Saints_logo.svg/98px-New_Orleans_Saints_logo.svg.png,https://upload.wikimedia.org/wikipedia/en/thumb/c/c5/Atlanta_Falcons_logo.svg/192px-Atlanta_Falcons_logo.svg.png
13,"Sunday, December 6",Detroit Lions,,Chicago Bears,,1:00 PM,FOX,DET,CHI,DET @ CHI,Early,https://upload.wikimedia.org/wikipedia/en/thumb/7/71/Detroit_Lions_logo.svg/100px-Detroit_Lions_logo.svg.png,https://upload.wikimedia.org/wikipedia/commons/thumb/5/5c/Chicago_Bears_logo.svg/100px-Chicago_Bears_logo.svg.png
13,"Sunday, December 6",Indianapolis Colts,,Houston Texans,,1:00 PM,CBS,IND,HOU,IND @ HOU,Early,https://upload.wikimedia.org/wikipedia/commons/thumb/0/00/Indianapolis_Colts_logo.svg/100px-Indianapolis_Colts_logo.svg.png,https://upload.wikimedia.org/wikipedia/en/thumb/2/28/Houston_Texans_logo.svg/100px-Houston_Texans_logo.svg.png
13,"Sunday, December 6",Cincinnati Bengals,,Miami Dolphins,,1:00 PM,CBS,CIN,MIA,CIN @ MIA,Early,https://upload.wikimedia.org/wikipedia/commons/thumb/8/81/Cincinnati_Bengals_logo.svg/100px-Cincinnati_Bengals_logo.svg.png,https://upload.wikimedia.org/wikipedia/en/thumb/3/37/Miami_Dolphins_logo.svg/100px-Miami_Dolphins_logo.svg.png
13,"Sunday, December 6",Jacksonville Jaguars,,Minnesota Vikings,,1:00 PM,CBS,JAX,MIN,JAX @ MIN,Early,https://upload.wikimedia.org/wikipedia/en/thumb/7/74/Jacksonville_Jaguars_logo.svg/100px-Jacksonville_Jaguars_logo.svg.png,https://upload.wikimedia.org/wikipedia/en/thumb/4/48/Minnesota_Vikings_logo.svg/98px-Minnesota_Vikings_logo.svg.png
13,"Sunday, December 6",Las Vegas Raiders,,New York Jets,,1:00 PM,CBS,LV,NYJ,LV @ NYJ,Early,https://upload.wikimedia.org/wikipedia/en/thumb/4/48/Las_Vegas_Raiders_logo.svg/100px-Las_Vegas_Raiders_logo.svg.png,https://upload.wikimedia.org/wikipedia/en/thumb/6/6b/New_York_Jets_logo.svg/100px-New_York_Jets_logo.svg.png
13,"Sunday, December 6",Washington Football Team,,Pittsburgh Steelers,,1:00 PM,FOX,WAS,PIT,WAS @ PIT,Early,https://upload.wikimedia.org/wikipedia/commons/thumb/7/72/Washington_football_team_wlogo.svg/100px-Washington_football_team_wlogo.svg.png,https://upload.wikimedia.org/wikipedia/commons/thumb/d/de/Pittsburgh_Steelers_logo.svg/100px-Pittsburgh_Steelers_logo.svg.png
13,"Sunday, December 6",Cleveland Browns,,Tennessee Titans,,1:00 PM,CBS,CLE,TEN,CLE @ TEN,Early,https://upload.wikimedia.org/wikipedia/en/thumb/d/d9/Cleveland_Browns_logo.svg/100px-Cleveland_Browns_logo.svg.png,https://raw.githubusercontent.com/guga31bb/nflfastR-data/master/titans.png
13,"Sunday, December 6",Los Angeles Rams,,Arizona Cardinals,,4:05 PM,FOX,LA,ARI,LA @ ARI,Afternoon,https://upload.wikimedia.org/wikipedia/en/thumb/8/8a/Los_Angeles_Rams_logo.svg/100px-Los_Angeles_Rams_logo.svg.png,https://upload.wikimedia.org/wikipedia/en/thumb/7/72/Arizona_Cardinals_logo.svg/179px-Arizona_Cardinals_logo.svg.png
13,"Sunday, December 6",New York Giants,,Seattle Seahawks,,4:05 PM,FOX,NYG,SEA,NYG @ SEA,Afternoon,https://upload.wikimedia.org/wikipedia/commons/thumb/6/60/New_York_Giants_logo.svg/100px-New_York_Giants_logo.svg.png,https://upload.wikimedia.org/wikipedia/en/thumb/8/8e/Seattle_Seahawks_logo.svg/100px-Seattle_Seahawks_logo.svg.png
13,"Sunday, December 6",Philadelphia Eagles,,Green Bay Packers,,4:25 PM,CBS,PHI,GB,PHI @ GB,Afternoon,https://upload.wikimedia.org/wikipedia/en/thumb/8/8e/Philadelphia_Eagles_logo.svg/100px-Philadelphia_Eagles_logo.svg.png,https://upload.wikimedia.org/wikipedia/commons/thumb/5/50/Green_Bay_Packers_logo.svg/100px-Green_Bay_Packers_logo.svg.png
13,"Sunday, December 6",New England Patriots,,Los Angeles Chargers,,4:25 PM,CBS,NE,LAC,NE @ LAC,Afternoon,https://upload.wikimedia.org/wikipedia/en/thumb/b/b9/New_England_Patriots_logo.svg/100px-New_England_Patriots_logo.svg.png,https://upload.wikimedia.org/wikipedia/en/thumb/7/72/NFL_Chargers_logo.svg/100px-NFL_Chargers_logo.svg.png
13,"Monday, December 7",Buffalo Bills,,San Francisco 49ers,,8:15 PM,ESPN,BUF,SF,BUF @ SF,Night,https://upload.wikimedia.org/wikipedia/en/thumb/7/77/Buffalo_Bills_logo.svg/189px-Buffalo_Bills_logo.svg.png,https://upload.wikimedia.org/wikipedia/commons/thumb/3/3a/San_Francisco_49ers_logo.svg/100px-San_Francisco_49ers_logo.svg.png
13,"Thursday, December 3",Dallas Cowboys,,Baltimore Ravens,,8:20 PM,FOX/NFLN/Amazon,DAL,BAL,DAL @ BAL,Night,https://upload.wikimedia.org/wikipedia/commons/thumb/1/15/Dallas_Cowboys.svg/100px-Dallas_Cowboys.svg.png,https://upload.wikimedia.org/wikipedia/en/thumb/1/16/Baltimore_Ravens_logo.svg/193px-Baltimore_Ravens_logo.svg.png
13,"Sunday, December 6",Denver Broncos,,Kansas City Chiefs,,8:20 PM,NBC,DEN,KC,DEN @ KC,Night,https://upload.wikimedia.org/wikipedia/en/thumb/4/44/Denver_Broncos_logo.svg/100px-Denver_Broncos_logo.svg.png,https://upload.wikimedia.org/wikipedia/en/thumb/e/e1/Kansas_City_Chiefs_logo.svg/100px-Kansas_City_Chiefs_logo.svg.png
13,"Sunday, December 6",Bye,,Carolina Panthers,,,,BYE,CAR,BYE @ CAR,NA,#N/A,https://upload.wikimedia.org/wikipedia/en/thumb/1/1c/Carolina_Panthers_logo.svg/100px-Carolina_Panthers_logo.svg.png
13,"Sunday, December 6",Bye,,Tampa Bay Buccaneers,,,,BYE,TB,BYE @ TB,NA,#N/A,https://upload.wikimedia.org/wikipedia/en/thumb/a/a2/Tampa_Bay_Buccaneers_logo.svg/100px-Tampa_Bay_Buccaneers_logo.svg.png
14,"Sunday, December 13",Denver Broncos,,Carolina Panthers,,1:00 PM,CBS,DEN,CAR,DEN @ CAR,Early,https://upload.wikimedia.org/wikipedia/en/thumb/4/44/Denver_Broncos_logo.svg/100px-Denver_Broncos_logo.svg.png,https://upload.wikimedia.org/wikipedia/en/thumb/1/1c/Carolina_Panthers_logo.svg/100px-Carolina_Panthers_logo.svg.png
14,"Sunday, December 13",Houston Texans,,Chicago Bears,,1:00 PM,CBS,HOU,CHI,HOU @ CHI,Early,https://upload.wikimedia.org/wikipedia/en/thumb/2/28/Houston_Texans_logo.svg/100px-Houston_Texans_logo.svg.png,https://upload.wikimedia.org/wikipedia/commons/thumb/5/5c/Chicago_Bears_logo.svg/100px-Chicago_Bears_logo.svg.png
14,"Sunday, December 13",Dallas Cowboys,,Cincinnati Bengals,,1:00 PM,FOX,DAL,CIN,DAL @ CIN,Early,https://upload.wikimedia.org/wikipedia/commons/thumb/1/15/Dallas_Cowboys.svg/100px-Dallas_Cowboys.svg.png,https://upload.wikimedia.org/wikipedia/commons/thumb/8/81/Cincinnati_Bengals_logo.svg/100px-Cincinnati_Bengals_logo.svg.png
14,"Sunday, December 13",Green Bay Packers,,Detroit Lions,,1:00 PM,FOX,GB,DET,GB @ DET,Early,https://upload.wikimedia.org/wikipedia/commons/thumb/5/50/Green_Bay_Packers_logo.svg/100px-Green_Bay_Packers_logo.svg.png,https://upload.wikimedia.org/wikipedia/en/thumb/7/71/Detroit_Lions_logo.svg/100px-Detroit_Lions_logo.svg.png
14,"Sunday, December 13",Tennessee Titans,,Jacksonville Jaguars,,1:00 PM,CBS,TEN,JAX,TEN @ JAX,Early,https://raw.githubusercontent.com/guga31bb/nflfastR-data/master/titans.png,https://upload.wikimedia.org/wikipedia/en/thumb/7/74/Jacksonville_Jaguars_logo.svg/100px-Jacksonville_Jaguars_logo.svg.png
14,"Sunday, December 13",Kansas City Chiefs,,Miami Dolphins,,1:00 PM,CBS,KC,MIA,KC @ MIA,Early,https://upload.wikimedia.org/wikipedia/en/thumb/e/e1/Kansas_City_Chiefs_logo.svg/100px-Kansas_City_Chiefs_logo.svg.png,https://upload.wikimedia.org/wikipedia/en/thumb/3/37/Miami_Dolphins_logo.svg/100px-Miami_Dolphins_logo.svg.png
14,"Sunday, December 13",Arizona Cardinals,,New York Giants,,1:00 PM,FOX,ARI,NYG,ARI @ NYG,Early,https://upload.wikimedia.org/wikipedia/en/thumb/7/72/Arizona_Cardinals_logo.svg/179px-Arizona_Cardinals_logo.svg.png,https://upload.wikimedia.org/wikipedia/commons/thumb/6/60/New_York_Giants_logo.svg/100px-New_York_Giants_logo.svg.png
14,"Sunday, December 13",Minnesota Vikings,,Tampa Bay Buccaneers,,1:00 PM,FOX,MIN,TB,MIN @ TB,Early,https://upload.wikimedia.org/wikipedia/en/thumb/4/48/Minnesota_Vikings_logo.svg/98px-Minnesota_Vikings_logo.svg.png,https://upload.wikimedia.org/wikipedia/en/thumb/a/a2/Tampa_Bay_Buccaneers_logo.svg/100px-Tampa_Bay_Buccaneers_logo.svg.png
14,"Sunday, December 13",Indianapolis Colts,,Las Vegas Raiders,,4:05 PM,CBS,IND,LV,IND @ LV,Afternoon,https://upload.wikimedia.org/wikipedia/commons/thumb/0/00/Indianapolis_Colts_logo.svg/100px-Indianapolis_Colts_logo.svg.png,https://upload.wikimedia.org/wikipedia/en/thumb/4/48/Las_Vegas_Raiders_logo.svg/100px-Las_Vegas_Raiders_logo.svg.png
14,"Sunday, December 13",New York Jets,,Seattle Seahawks,,4:05 PM,CBS,NYJ,SEA,NYJ @ SEA,Afternoon,https://upload.wikimedia.org/wikipedia/en/thumb/6/6b/New_York_Jets_logo.svg/100px-New_York_Jets_logo.svg.png,https://upload.wikimedia.org/wikipedia/en/thumb/8/8e/Seattle_Seahawks_logo.svg/100px-Seattle_Seahawks_logo.svg.png
14,"Sunday, December 13",Atlanta Falcons,,Los Angeles Chargers,,4:25 PM,FOX,ATL,LAC,ATL @ LAC,Afternoon,https://upload.wikimedia.org/wikipedia/en/thumb/c/c5/Atlanta_Falcons_logo.svg/192px-Atlanta_Falcons_logo.svg.png,https://upload.wikimedia.org/wikipedia/en/thumb/7/72/NFL_Chargers_logo.svg/100px-NFL_Chargers_logo.svg.png
14,"Sunday, December 13",New Orleans Saints,,Philadelphia Eagles,,4:25 PM,FOX,NO,PHI,NO @ PHI,Afternoon,https://upload.wikimedia.org/wikipedia/commons/thumb/5/50/New_Orleans_Saints_logo.svg/98px-New_Orleans_Saints_logo.svg.png,https://upload.wikimedia.org/wikipedia/en/thumb/8/8e/Philadelphia_Eagles_logo.svg/100px-Philadelphia_Eagles_logo.svg.png
14,"Sunday, December 13",Washington Football Team,,San Francisco 49ers,,4:25 PM,FOX,WAS,SF,WAS @ SF,Afternoon,https://upload.wikimedia.org/wikipedia/commons/thumb/7/72/Washington_football_team_wlogo.svg/100px-Washington_football_team_wlogo.svg.png,https://upload.wikimedia.org/wikipedia/commons/thumb/3/3a/San_Francisco_49ers_logo.svg/100px-San_Francisco_49ers_logo.svg.png
14,"Monday, December 14",Baltimore Ravens,,Cleveland Browns,,8:15 PM,ESPN,BAL,CLE,BAL @ CLE,Night,https://upload.wikimedia.org/wikipedia/en/thumb/1/16/Baltimore_Ravens_logo.svg/193px-Baltimore_Ravens_logo.svg.png,https://upload.wikimedia.org/wikipedia/en/thumb/d/d9/Cleveland_Browns_logo.svg/100px-Cleveland_Browns_logo.svg.png
14,"Thursday, December 10",New England Patriots,,Los Angeles Rams,,8:20 PM,FOX/NFLN/Amazon,NE,LA,NE @ LA,Night,https://upload.wikimedia.org/wikipedia/en/thumb/b/b9/New_England_Patriots_logo.svg/100px-New_England_Patriots_logo.svg.png,https://upload.wikimedia.org/wikipedia/en/thumb/8/8a/Los_Angeles_Rams_logo.svg/100px-Los_Angeles_Rams_logo.svg.png
14,"Sunday, December 13",Pittsburgh Steelers,,Buffalo Bills,,8:20 PM,NBC,PIT,BUF,PIT @ BUF,Night,https://upload.wikimedia.org/wikipedia/commons/thumb/d/de/Pittsburgh_Steelers_logo.svg/100px-Pittsburgh_Steelers_logo.svg.png,https://upload.wikimedia.org/wikipedia/en/thumb/7/77/Buffalo_Bills_logo.svg/189px-Buffalo_Bills_logo.svg.png
15,"Sunday, December 20",Tampa Bay Buccaneers,,Atlanta Falcons,,1:00 PM,FOX,TB,ATL,TB @ ATL,Early,https://upload.wikimedia.org/wikipedia/en/thumb/a/a2/Tampa_Bay_Buccaneers_logo.svg/100px-Tampa_Bay_Buccaneers_logo.svg.png,https://upload.wikimedia.org/wikipedia/en/thumb/c/c5/Atlanta_Falcons_logo.svg/192px-Atlanta_Falcons_logo.svg.png
15,"Sunday, December 20",Jacksonville Jaguars,,Baltimore Ravens,,1:00 PM,CBS,JAX,BAL,JAX @ BAL,Early,https://upload.wikimedia.org/wikipedia/en/thumb/7/74/Jacksonville_Jaguars_logo.svg/100px-Jacksonville_Jaguars_logo.svg.png,https://upload.wikimedia.org/wikipedia/en/thumb/1/16/Baltimore_Ravens_logo.svg/193px-Baltimore_Ravens_logo.svg.png
15,"Sunday, December 20",New England Patriots,,Miami Dolphins,,1:00 PM,CBS,NE,MIA,NE @ MIA,Early,https://upload.wikimedia.org/wikipedia/en/thumb/b/b9/New_England_Patriots_logo.svg/100px-New_England_Patriots_logo.svg.png,https://upload.wikimedia.org/wikipedia/en/thumb/3/37/Miami_Dolphins_logo.svg/100px-Miami_Dolphins_logo.svg.png
15,"Sunday, December 20",Chicago Bears,,Minnesota Vikings,,1:00 PM,FOX,CHI,MIN,CHI @ MIN,Early,https://upload.wikimedia.org/wikipedia/commons/thumb/5/5c/Chicago_Bears_logo.svg/100px-Chicago_Bears_logo.svg.png,https://upload.wikimedia.org/wikipedia/en/thumb/4/48/Minnesota_Vikings_logo.svg/98px-Minnesota_Vikings_logo.svg.png
15,"Sunday, December 20",Cleveland Browns,,New York Giants,,1:00 PM,CBS,CLE,NYG,CLE @ NYG,Early,https://upload.wikimedia.org/wikipedia/en/thumb/d/d9/Cleveland_Browns_logo.svg/100px-Cleveland_Browns_logo.svg.png,https://upload.wikimedia.org/wikipedia/commons/thumb/6/60/New_York_Giants_logo.svg/100px-New_York_Giants_logo.svg.png
15,"Sunday, December 20",Seattle Seahawks,,Washington Football Team,,1:00 PM,FOX,SEA,WAS,SEA @ WAS,Early,https://upload.wikimedia.org/wikipedia/en/thumb/8/8e/Seattle_Seahawks_logo.svg/100px-Seattle_Seahawks_logo.svg.png,https://upload.wikimedia.org/wikipedia/commons/thumb/7/72/Washington_football_team_wlogo.svg/100px-Washington_football_team_wlogo.svg.png
15,"Sunday, December 20",Philadelphia Eagles,,Arizona Cardinals,,4:05 PM,FOX,PHI,ARI,PHI @ ARI,Afternoon,https://upload.wikimedia.org/wikipedia/en/thumb/8/8e/Philadelphia_Eagles_logo.svg/100px-Philadelphia_Eagles_logo.svg.png,https://upload.wikimedia.org/wikipedia/en/thumb/7/72/Arizona_Cardinals_logo.svg/179px-Arizona_Cardinals_logo.svg.png
15,"Sunday, December 20",Kansas City Chiefs,,New Orleans Saints,,4:25 PM,CBS,KC,NO,KC @ NO,Afternoon,https://upload.wikimedia.org/wikipedia/en/thumb/e/e1/Kansas_City_Chiefs_logo.svg/100px-Kansas_City_Chiefs_logo.svg.png,https://upload.wikimedia.org/wikipedia/commons/thumb/5/50/New_Orleans_Saints_logo.svg/98px-New_Orleans_Saints_logo.svg.png
15,"Monday, December 21",Pittsburgh Steelers,,Cincinnati Bengals,,8:15 PM,,PIT,CIN,PIT @ CIN,Night,https://upload.wikimedia.org/wikipedia/commons/thumb/d/de/Pittsburgh_Steelers_logo.svg/100px-Pittsburgh_Steelers_logo.svg.png,https://upload.wikimedia.org/wikipedia/commons/thumb/8/81/Cincinnati_Bengals_logo.svg/100px-Cincinnati_Bengals_logo.svg.png
15,"Thursday, December 17",Los Angeles Chargers,,Las Vegas Raiders,,8:20 PM,FOX/NFLN/Amazon,LAC,LV,LAC @ LV,Night,https://upload.wikimedia.org/wikipedia/en/thumb/7/72/NFL_Chargers_logo.svg/100px-NFL_Chargers_logo.svg.png,https://upload.wikimedia.org/wikipedia/en/thumb/4/48/Las_Vegas_Raiders_logo.svg/100px-Las_Vegas_Raiders_logo.svg.png
15,"Sunday, December 20",San Francisco 49ers,,Dallas Cowboys,,8:20 PM,NBC,SF,DAL,SF @ DAL,Night,https://upload.wikimedia.org/wikipedia/commons/thumb/3/3a/San_Francisco_49ers_logo.svg/100px-San_Francisco_49ers_logo.svg.png,https://upload.wikimedia.org/wikipedia/commons/thumb/1/15/Dallas_Cowboys.svg/100px-Dallas_Cowboys.svg.png
15,TBD,Buffalo Bills,,Denver Broncos,,TBD,TBD,BUF,DEN,BUF @ DEN,NA,https://upload.wikimedia.org/wikipedia/en/thumb/7/77/Buffalo_Bills_logo.svg/189px-Buffalo_Bills_logo.svg.png,https://upload.wikimedia.org/wikipedia/en/thumb/4/44/Denver_Broncos_logo.svg/100px-Denver_Broncos_logo.svg.png
15,TBD,Carolina Panthers,,Green Bay Packers,,TBD,TBD,CAR,GB,CAR @ GB,NA,https://upload.wikimedia.org/wikipedia/en/thumb/1/1c/Carolina_Panthers_logo.svg/100px-Carolina_Panthers_logo.svg.png,https://upload.wikimedia.org/wikipedia/commons/thumb/5/50/Green_Bay_Packers_logo.svg/100px-Green_Bay_Packers_logo.svg.png
15,TBD,Houston Texans,,Indianapolis Colts,,TBD,TBD,HOU,IND,HOU @ IND,NA,https://upload.wikimedia.org/wikipedia/en/thumb/2/28/Houston_Texans_logo.svg/100px-Houston_Texans_logo.svg.png,https://upload.wikimedia.org/wikipedia/commons/thumb/0/00/Indianapolis_Colts_logo.svg/100px-Indianapolis_Colts_logo.svg.png
15,TBD,New York Jets,,Los Angeles Rams,,TBD,TBD,NYJ,LA,NYJ @ LA,NA,https://upload.wikimedia.org/wikipedia/en/thumb/6/6b/New_York_Jets_logo.svg/100px-New_York_Jets_logo.svg.png,https://upload.wikimedia.org/wikipedia/en/thumb/8/8a/Los_Angeles_Rams_logo.svg/100px-Los_Angeles_Rams_logo.svg.png
15,TBD,Detroit Lions,,Tennessee Titans,,TBD,TBD,DET,TEN,DET @ TEN,NA,https://upload.wikimedia.org/wikipedia/en/thumb/7/71/Detroit_Lions_logo.svg/100px-Detroit_Lions_logo.svg.png,https://raw.githubusercontent.com/guga31bb/nflfastR-data/master/titans.png
16,"Sunday, December 27",New York Giants,,Baltimore Ravens,,1:00 PM,FOX,NYG,BAL,NYG @ BAL,Early,https://upload.wikimedia.org/wikipedia/commons/thumb/6/60/New_York_Giants_logo.svg/100px-New_York_Giants_logo.svg.png,https://upload.wikimedia.org/wikipedia/en/thumb/1/16/Baltimore_Ravens_logo.svg/193px-Baltimore_Ravens_logo.svg.png
16,"Sunday, December 27",Cincinnati Bengals,,Houston Texans,,1:00 PM,CBS,CIN,HOU,CIN @ HOU,Early,https://upload.wikimedia.org/wikipedia/commons/thumb/8/81/Cincinnati_Bengals_logo.svg/100px-Cincinnati_Bengals_logo.svg.png,https://upload.wikimedia.org/wikipedia/en/thumb/2/28/Houston_Texans_logo.svg/100px-Houston_Texans_logo.svg.png
16,"Sunday, December 27",Chicago Bears,,Jacksonville Jaguars,,1:00 PM,FOX,CHI,JAX,CHI @ JAX,Early,https://upload.wikimedia.org/wikipedia/commons/thumb/5/5c/Chicago_Bears_logo.svg/100px-Chicago_Bears_logo.svg.png,https://upload.wikimedia.org/wikipedia/en/thumb/7/74/Jacksonville_Jaguars_logo.svg/100px-Jacksonville_Jaguars_logo.svg.png
16,"Sunday, December 27",Atlanta Falcons,,Kansas City Chiefs,,1:00 PM,FOX,ATL,KC,ATL @ KC,Early,https://upload.wikimedia.org/wikipedia/en/thumb/c/c5/Atlanta_Falcons_logo.svg/192px-Atlanta_Falcons_logo.svg.png,https://upload.wikimedia.org/wikipedia/en/thumb/e/e1/Kansas_City_Chiefs_logo.svg/100px-Kansas_City_Chiefs_logo.svg.png
16,"Sunday, December 27",Indianapolis Colts,,Pittsburgh Steelers,,1:00 PM,CBS,IND,PIT,IND @ PIT,Early,https://upload.wikimedia.org/wikipedia/commons/thumb/0/00/Indianapolis_Colts_logo.svg/100px-Indianapolis_Colts_logo.svg.png,https://upload.wikimedia.org/wikipedia/commons/thumb/d/de/Pittsburgh_Steelers_logo.svg/100px-Pittsburgh_Steelers_logo.svg.png
16,"Sunday, December 27",Carolina Panthers,,Washington Football Team,,1:00 PM,CBS,CAR,WAS,CAR @ WAS,Early,https://upload.wikimedia.org/wikipedia/en/thumb/1/1c/Carolina_Panthers_logo.svg/100px-Carolina_Panthers_logo.svg.png,https://upload.wikimedia.org/wikipedia/commons/thumb/7/72/Washington_football_team_wlogo.svg/100px-Washington_football_team_wlogo.svg.png
16,"Sunday, December 27",Los Angeles Rams,,Seattle Seahawks,,4:05 PM,CBS,LA,SEA,LA @ SEA,Afternoon,https://upload.wikimedia.org/wikipedia/en/thumb/8/8a/Los_Angeles_Rams_logo.svg/100px-Los_Angeles_Rams_logo.svg.png,https://upload.wikimedia.org/wikipedia/en/thumb/8/8e/Seattle_Seahawks_logo.svg/100px-Seattle_Seahawks_logo.svg.png
16,"Sunday, December 27",Philadelphia Eagles,,Dallas Cowboys,,4:25 PM,FOX,PHI,DAL,PHI @ DAL,Afternoon,https://upload.wikimedia.org/wikipedia/en/thumb/8/8e/Philadelphia_Eagles_logo.svg/100px-Philadelphia_Eagles_logo.svg.png,https://upload.wikimedia.org/wikipedia/commons/thumb/1/15/Dallas_Cowboys.svg/100px-Dallas_Cowboys.svg.png
16,"Friday, December 25",Minnesota Vikings,,New Orleans Saints,,4:30 PM,FOX/NFLN/Amazon,MIN,NO,MIN @ NO,Afternoon,https://upload.wikimedia.org/wikipedia/en/thumb/4/48/Minnesota_Vikings_logo.svg/98px-Minnesota_Vikings_logo.svg.png,https://upload.wikimedia.org/wikipedia/commons/thumb/5/50/New_Orleans_Saints_logo.svg/98px-New_Orleans_Saints_logo.svg.png
16,"Monday, December 28",Buffalo Bills,,New England Patriots,,8:15 PM,ESPN,BUF,NE,BUF @ NE,Night,https://upload.wikimedia.org/wikipedia/en/thumb/7/77/Buffalo_Bills_logo.svg/189px-Buffalo_Bills_logo.svg.png,https://upload.wikimedia.org/wikipedia/en/thumb/b/b9/New_England_Patriots_logo.svg/100px-New_England_Patriots_logo.svg.png
16,"Sunday, December 27",Tennessee Titans,,Green Bay Packers,,8:20 PM,NBC,TEN,GB,TEN @ GB,Night,https://raw.githubusercontent.com/guga31bb/nflfastR-data/master/titans.png,https://upload.wikimedia.org/wikipedia/commons/thumb/5/50/Green_Bay_Packers_logo.svg/100px-Green_Bay_Packers_logo.svg.png
16,TBD,San Francisco 49ers,,Arizona Cardinals,,TBD,TBD,SF,ARI,SF @ ARI,NA,https://upload.wikimedia.org/wikipedia/commons/thumb/3/3a/San_Francisco_49ers_logo.svg/100px-San_Francisco_49ers_logo.svg.png,https://upload.wikimedia.org/wikipedia/en/thumb/7/72/Arizona_Cardinals_logo.svg/179px-Arizona_Cardinals_logo.svg.png
16,TBD,Tampa Bay Buccaneers,,Detroit Lions,,TBD,TBD,TB,DET,TB @ DET,NA,https://upload.wikimedia.org/wikipedia/en/thumb/a/a2/Tampa_Bay_Buccaneers_logo.svg/100px-Tampa_Bay_Buccaneers_logo.svg.png,https://upload.wikimedia.org/wikipedia/en/thumb/7/71/Detroit_Lions_logo.svg/100px-Detroit_Lions_logo.svg.png
16,TBD,Miami Dolphins,,Las Vegas Raiders,,TBD,TBD,MIA,LV,MIA @ LV,NA,https://upload.wikimedia.org/wikipedia/en/thumb/3/37/Miami_Dolphins_logo.svg/100px-Miami_Dolphins_logo.svg.png,https://upload.wikimedia.org/wikipedia/en/thumb/4/48/Las_Vegas_Raiders_logo.svg/100px-Las_Vegas_Raiders_logo.svg.png
16,TBD,Denver Broncos,,Los Angeles Chargers,,TBD,TBD,DEN,LAC,DEN @ LAC,NA,https://upload.wikimedia.org/wikipedia/en/thumb/4/44/Denver_Broncos_logo.svg/100px-Denver_Broncos_logo.svg.png,https://upload.wikimedia.org/wikipedia/en/thumb/7/72/NFL_Chargers_logo.svg/100px-NFL_Chargers_logo.svg.png
16,TBD,Cleveland Browns,,New York Jets,,TBD,TBD,CLE,NYJ,CLE @ NYJ,NA,https://upload.wikimedia.org/wikipedia/en/thumb/d/d9/Cleveland_Browns_logo.svg/100px-Cleveland_Browns_logo.svg.png,https://upload.wikimedia.org/wikipedia/en/thumb/6/6b/New_York_Jets_logo.svg/100px-New_York_Jets_logo.svg.png
17,"Sunday, January 3",Miami Dolphins,,Buffalo Bills,,1:00 PM,CBS,MIA,BUF,MIA @ BUF,Early,https://upload.wikimedia.org/wikipedia/en/thumb/3/37/Miami_Dolphins_logo.svg/100px-Miami_Dolphins_logo.svg.png,https://upload.wikimedia.org/wikipedia/en/thumb/7/77/Buffalo_Bills_logo.svg/189px-Buffalo_Bills_logo.svg.png
17,"Sunday, January 3",New Orleans Saints,,Carolina Panthers,,1:00 PM,FOX,NO,CAR,NO @ CAR,Early,https://upload.wikimedia.org/wikipedia/commons/thumb/5/50/New_Orleans_Saints_logo.svg/98px-New_Orleans_Saints_logo.svg.png,https://upload.wikimedia.org/wikipedia/en/thumb/1/1c/Carolina_Panthers_logo.svg/100px-Carolina_Panthers_logo.svg.png
17,"Sunday, January 3",Green Bay Packers,,Chicago Bears,,1:00 PM,FOX,GB,CHI,GB @ CHI,Early,https://upload.wikimedia.org/wikipedia/commons/thumb/5/50/Green_Bay_Packers_logo.svg/100px-Green_Bay_Packers_logo.svg.png,https://upload.wikimedia.org/wikipedia/commons/thumb/5/5c/Chicago_Bears_logo.svg/100px-Chicago_Bears_logo.svg.png
17,"Sunday, January 3",Baltimore Ravens,,Cincinnati Bengals,,1:00 PM,CBS,BAL,CIN,BAL @ CIN,Early,https://upload.wikimedia.org/wikipedia/en/thumb/1/16/Baltimore_Ravens_logo.svg/193px-Baltimore_Ravens_logo.svg.png,https://upload.wikimedia.org/wikipedia/commons/thumb/8/81/Cincinnati_Bengals_logo.svg/100px-Cincinnati_Bengals_logo.svg.png
17,"Sunday, January 3",Pittsburgh Steelers,,Cleveland Browns,,1:00 PM,CBS,PIT,CLE,PIT @ CLE,Early,https://upload.wikimedia.org/wikipedia/commons/thumb/d/de/Pittsburgh_Steelers_logo.svg/100px-Pittsburgh_Steelers_logo.svg.png,https://upload.wikimedia.org/wikipedia/en/thumb/d/d9/Cleveland_Browns_logo.svg/100px-Cleveland_Browns_logo.svg.png
17,"Sunday, January 3",Minnesota Vikings,,Detroit Lions,,1:00 PM,FOX,MIN,DET,MIN @ DET,Early,https://upload.wikimedia.org/wikipedia/en/thumb/4/48/Minnesota_Vikings_logo.svg/98px-Minnesota_Vikings_logo.svg.png,https://upload.wikimedia.org/wikipedia/en/thumb/7/71/Detroit_Lions_logo.svg/100px-Detroit_Lions_logo.svg.png
17,"Sunday, January 3",Tennessee Titans,,Houston Texans,,1:00 PM,CBS,TEN,HOU,TEN @ HOU,Early,https://raw.githubusercontent.com/guga31bb/nflfastR-data/master/titans.png,https://upload.wikimedia.org/wikipedia/en/thumb/2/28/Houston_Texans_logo.svg/100px-Houston_Texans_logo.svg.png
17,"Sunday, January 3",Jacksonville Jaguars,,Indianapolis Colts,,1:00 PM,CBS,JAX,IND,JAX @ IND,Early,https://upload.wikimedia.org/wikipedia/en/thumb/7/74/Jacksonville_Jaguars_logo.svg/100px-Jacksonville_Jaguars_logo.svg.png,https://upload.wikimedia.org/wikipedia/commons/thumb/0/00/Indianapolis_Colts_logo.svg/100px-Indianapolis_Colts_logo.svg.png
17,"Sunday, January 3",Los Angeles Chargers,,Kansas City Chiefs,,1:00 PM,CBS,LAC,KC,LAC @ KC,Early,https://upload.wikimedia.org/wikipedia/en/thumb/7/72/NFL_Chargers_logo.svg/100px-NFL_Chargers_logo.svg.png,https://upload.wikimedia.org/wikipedia/en/thumb/e/e1/Kansas_City_Chiefs_logo.svg/100px-Kansas_City_Chiefs_logo.svg.png
17,"Sunday, January 3",New York Jets,,New England Patriots,,1:00 PM,CBS,NYJ,NE,NYJ @ NE,Early,https://upload.wikimedia.org/wikipedia/en/thumb/6/6b/New_York_Jets_logo.svg/100px-New_York_Jets_logo.svg.png,https://upload.wikimedia.org/wikipedia/en/thumb/b/b9/New_England_Patriots_logo.svg/100px-New_England_Patriots_logo.svg.png
17,"Sunday, January 3",Dallas Cowboys,,New York Giants,,1:00 PM,FOX,DAL,NYG,DAL @ NYG,Early,https://upload.wikimedia.org/wikipedia/commons/thumb/1/15/Dallas_Cowboys.svg/100px-Dallas_Cowboys.svg.png,https://upload.wikimedia.org/wikipedia/commons/thumb/6/60/New_York_Giants_logo.svg/100px-New_York_Giants_logo.svg.png
17,"Sunday, January 3",Washington Football Team,,Philadelphia Eagles,,1:00 PM,FOX,WAS,PHI,WAS @ PHI,Early,https://upload.wikimedia.org/wikipedia/commons/thumb/7/72/Washington_football_team_wlogo.svg/100px-Washington_football_team_wlogo.svg.png,https://upload.wikimedia.org/wikipedia/en/thumb/8/8e/Philadelphia_Eagles_logo.svg/100px-Philadelphia_Eagles_logo.svg.png
17,"Sunday, January 3",Atlanta Falcons,,Tampa Bay Buccaneers,,1:00 PM,FOX,ATL,TB,ATL @ TB,Early,https://upload.wikimedia.org/wikipedia/en/thumb/c/c5/Atlanta_Falcons_logo.svg/192px-Atlanta_Falcons_logo.svg.png,https://upload.wikimedia.org/wikipedia/en/thumb/a/a2/Tampa_Bay_Buccaneers_logo.svg/100px-Tampa_Bay_Buccaneers_logo.svg.png
17,"Sunday, January 3",Las Vegas Raiders,,Denver Broncos,,4:25 PM,CBS,LV,DEN,LV @ DEN,Afternoon,https://upload.wikimedia.org/wikipedia/en/thumb/4/48/Las_Vegas_Raiders_logo.svg/100px-Las_Vegas_Raiders_logo.svg.png,https://upload.wikimedia.org/wikipedia/en/thumb/4/44/Denver_Broncos_logo.svg/100px-Denver_Broncos_logo.svg.png
17,"Sunday, January 3",Arizona Cardinals,,Los Angeles Rams,,4:25 PM,FOX,ARI,LA,ARI @ LA,Afternoon,https://upload.wikimedia.org/wikipedia/en/thumb/7/72/Arizona_Cardinals_logo.svg/179px-Arizona_Cardinals_logo.svg.png,https://upload.wikimedia.org/wikipedia/en/thumb/8/8a/Los_Angeles_Rams_logo.svg/100px-Los_Angeles_Rams_logo.svg.png
17,"Sunday, January 3",Seattle Seahawks,,San Francisco 49ers,,4:25 PM,FOX,SEA,SF,SEA @ SF,Afternoon,https://upload.wikimedia.org/wikipedia/en/thumb/8/8e/Seattle_Seahawks_logo.svg/100px-Seattle_Seahawks_logo.svg.png,https://upload.wikimedia.org/wikipedia/commons/thumb/3/3a/San_Francisco_49ers_logo.svg/100px-San_Francisco_49ers_logo.svg.png
